customer_id,signup_date,city,age,gender,acquisition_channel,is_prime_member
C100000,28-06-2025,Delhi,35,F,Instagram Ads,0
C100001,13-04-2025,Delhi,34,F,Instagram Ads,0
C100002,01-06-2025,Mumbai,40,F,Instagram Ads,1
C100003,09-10-2024,Mumbai,39,Other,Google Ads,1
C100004,22-12-2025,Delhi,30,M,Organic,0
C100005,08-08-2024,Hyderabad,19,M,Organic,1
C100006,21-09-2025,Delhi,36,M,Instagram Ads  ,0
C100007,11-12-2024,Chennai,35,F,Offline Banner,1
C100008,22-02-2025,Bengaluru,32,F,Influencer,0
C100009,04-10-2025,Delhi,37,M,Offline Banner,1
C100010,25-11-2025,Chennai,28,M,Google Ads,0
C100011,28-06-2024,Mumbai,18,M,Organic,1
C100012,04-06-2025,Mumbai,24,M,Instagram Ads,0
C100013,14-05-2025,Mumbai,18,M,Influencer,0
C100014,31-07-2024,Hyderabad,34,F,Instagram Ads,0
C100015,20-07-2025,Bengaluru,30,M,Google Ads,0
C100016,24-08-2024,Delhi,37,F,Referral,0
C100017,14-03-2025,Delhi,37,M,Referral,0
C100018,11-01-2025,Hyderabad,27,F,Referral,0
C100019,21-02-2025,Delhi,,F,Instagram Ads,1
C100020,17-12-2024,Delhi,24,M,Google Ads,1
C100021,02-09-2025,Bengaluru,,F,Offline Banner,0
C100022,01-08-2024,Pune,29,M,Influencer,0
C100023,09-06-2025,Mumbai,28,Other,Referral,0
C100024,22-12-2024,Mumbai,,F,Referral,0
C100025,03-03-2025,Pune,18,F,Instagram Ads,1
C100026,29-05-2025,Delhi,27,M,Instagram Ads,0
C100027,03-11-2024,Bengaluru,24,M,Google Ads  ,0
C100028,11-02-2025,Chennai,22,F,Referral  ,0
C100029,27-03-2025,Pune,28,M,Organic,1
C100030,27-09-2024,Delhi,31,F,Referral,1
C100031,23-12-2024,Mumbai,20,M,Instagram Ads,0
C100032,21-05-2025,Delhi,28,M,Google Ads,1
C100033,10-04-2024,Chennai,31,M,Instagram Ads,0
C100034,27-05-2024,Chennai,34,Other,Organic,0
C100035,05-01-2025,Delhi,28,F,Instagram Ads,1
C100036,21-04-2025,Bengaluru,33,M,Referral,0
C100037,14-12-2025,Pune,28,M,Organic,0
C100038,09-02-2025,Delhi,41,M,Instagram Ads,0
C100039,04-06-2024,Delhi,35,M,Instagram Ads,0
C100040,17-04-2024,Delhi,25,F,Referral,0
C100041,25-01-2025,Mumbai,27,F,Instagram Ads,1
C100042,25-11-2025,Pune,34,F,Referral,0
C100043,10-05-2024,Pune,,F,Organic,0
C100044,25-12-2024,Delhi,18,F,Google Ads,0
C100045,20-04-2025,Delhi,33,F,Referral,0
C100046,24-10-2024,Mumbai,27,F,Offline Banner,0
C100047,07-09-2025,Hyderabad,36,F,Referral,0
C100048,29-07-2025,Bengaluru,31,M,Offline Banner,0
C100049,14-06-2024,Bengaluru,36,F,Instagram Ads,0
C100050,22-05-2025,Bengaluru,,M,Organic,0
C100051,25-07-2025,Delhi,41,Other,Organic,0
C100052,17-01-2025,Mumbai,28,M,Influencer,0
C100053,20-08-2024,Chennai,34,M,Instagram Ads,0
C100054,16-10-2025,Delhi,31,M,Google Ads,0
C100055,05-07-2024,Bengaluru,33,F,Instagram Ads,0
C100056,23-10-2024,Mumbai,18,F,Offline Banner,0
C100057,14-06-2025,Bengaluru,39,F,Google Ads,1
C100058,16-10-2025,Bengaluru,18,M,Offline Banner,0
C100059,08-11-2025,Bengaluru,30,M,Google Ads,0
C100060,29-09-2024,Pune,18,M,Instagram Ads,0
C100061,20-10-2025,Mumbai,25,Other,Google Ads,0
C100062,02-03-2025,Bengaluru,32,F,Referral,0
C100063,14-03-2025,Delhi,37,F,Influencer,0
C100064,04-01-2025,Hyderabad,39,F,Google Ads,0
C100065,08-10-2025,Delhi,29,F,Offline Banner,1
C100066,08-05-2024,Pune,38,M,Google Ads,0
C100067,19-06-2024,Mumbai,30,M,Organic,0
C100068,22-10-2025,Delhi,25,F,Organic,0
C100069,17-06-2025,Delhi,,M,Google Ads,0
C100070,06-11-2024,Chennai,23,F,Instagram Ads,0
C100071,08-12-2024,Mumbai,29,F,Google Ads,0
C100072,16-01-2025,Delhi,27,M,Instagram Ads,0
C100073,04-06-2025,Delhi,18,M,Offline Banner,1
C100074,23-04-2024,Mumbai,33,M,Offline Banner,0
C100075,13-06-2025,Delhi,32,F,Organic,0
C100076,29-10-2025,Bengaluru,40,M,Organic,1
C100077,22-01-2025,Delhi,18,M,Google Ads  ,1
C100078,02-04-2024,Bengaluru,25,F,Instagram Ads  ,0
C100079,05-03-2024,Delhi,40,M,Influencer  ,1
C100080,20-02-2025,Mumbai,35,M,Referral,0
C100081,20-05-2025,Bengaluru,36,M,Organic,1
C100082,16-06-2024,Delhi,42,M,Organic,0
C100083,12-09-2024,Mumbai,,F,Google Ads,1
C100084,30-04-2025,Mumbai,24,F,Instagram Ads,0
C100085,27-04-2025,Delhi,37,M,Influencer,0
C100086,24-02-2025,Bengaluru,36,F,Referral,0
C100087,24-09-2025,Bengaluru,29,M,Influencer,1
C100088,03-01-2025,Bengaluru,29,F,Google Ads,1
C100089,11-01-2025,Delhi,23,F,Instagram Ads,0
C100090,09-10-2024,Mumbai,43,F,Instagram Ads,0
C100091,24-12-2024,Delhi,47,M,Organic,0
C100092,04-02-2025,Bengaluru,39,M,Referral,0
C100093,18-08-2025,Mumbai,36,F,Google Ads,1
C100094,27-05-2025,Mumbai,35,M,Referral,0
C100095,07-07-2025,Hyderabad,33,F,Referral,0
C100096,06-06-2024,Delhi,18,M,Instagram Ads,0
C100097,24-12-2024,Chennai,27,M,Google Ads,0
C100098,12-11-2024,Delhi,37,F,Google Ads,0
C100099,20-04-2025,Hyderabad,24,F,Google Ads,0
C100100,27-11-2025,Mumbai,32,F,Referral  ,0
C100101,13-12-2024,Pune,40,M,Instagram Ads,0
C100102,03-10-2024,Delhi,40,M,Google Ads,0
C100103,12-03-2025,Mumbai,38,M,Google Ads,0
C100104,16-12-2024,Mumbai,33,F,Google Ads,1
C100105,30-11-2024,Chennai,37,F,Offline Banner,0
C100106,17-04-2025,Chennai,29,F,Instagram Ads  ,1
C100107,30-03-2025,Delhi,44,M,Organic,0
C100108,08-08-2024,Bengaluru,18,Other,Instagram Ads,0
C100109,27-03-2024,Bengaluru,31,F,Influencer,0
C100110,09-03-2025,Delhi,27,F,Offline Banner,0
C100111,17-08-2024,Delhi,36,M,Google Ads,1
C100112,03-08-2024,Chennai,28,M,Influencer,1
C100113,28-02-2024,Mumbai,50,F,Google Ads,0
C100114,02-10-2025,Delhi,38,F,Instagram Ads,1
C100115,02-09-2025,Delhi,23,M,Google Ads,0
C100116,11-08-2025,Mumbai,18,M,Google Ads,0
C100117,02-07-2025,Bengaluru,21,F,Google Ads,0
C100118,30-05-2025,Mumbai,35,F,Google Ads,0
C100119,09-12-2025,Mumbai,28,M,Google Ads,0
C100120,16-01-2025,Delhi,26,M,Organic,0
C100121,03-07-2024,Mumbai,25,F,Google Ads,1
C100122,01-07-2025,Delhi,37,F,Instagram Ads,1
C100123,02-04-2025,Pune,28,M,Referral,1
C100124,10-06-2024,Delhi,27,M,Referral,0
C100125,31-10-2024,Hyderabad,38,F,Instagram Ads,0
C100126,04-10-2025,Mumbai,43,M,Instagram Ads,1
C100127,11-04-2025,Mumbai,22,M,Referral,0
C100128,12-10-2025,Mumbai,40,F,Instagram Ads,1
C100129,12-10-2024,Hyderabad,30,M,Influencer,0
C100130,27-06-2025,Pune,38,M,Instagram Ads,0
C100131,24-09-2025,Mumbai,36,M,Instagram Ads,0
C100132,20-09-2025,Delhi,31,F,Referral,1
C100133,23-10-2024,Hyderabad,31,M,Offline Banner,0
C100134,28-04-2025,Delhi,36,M,Organic,1
C100135,09-05-2025,Bengaluru,22,M,Google Ads  ,0
C100136,01-03-2024,Delhi,21,M,Instagram Ads,0
C100137,24-04-2025,Bengaluru,47,F,Referral,0
C100138,10-09-2025,Bengaluru,40,F,Instagram Ads  ,0
C100139,07-10-2025,Delhi,38,F,Organic,0
C100140,12-08-2025,Bengaluru,29,M,Referral,1
C100141,26-05-2025,Mumbai,18,M,Google Ads,0
C100142,12-09-2025,Delhi,,M,Instagram Ads,0
C100143,03-11-2024,Mumbai,34,M,Organic,1
C100144,08-12-2025,Bengaluru,40,M,Referral,0
C100145,17-09-2025,Delhi,34,M,Influencer,0
C100146,02-01-2025,Chennai,34,F,Google Ads,0
C100147,27-12-2024,Bengaluru,29,F,Organic,0
C100148,02-03-2025,Delhi,36,F,Instagram Ads,0
C100149,17-06-2025,Pune,23,M,Google Ads,0
C100150,30-09-2025,Mumbai,31,F,Organic,0
C100151,14-12-2025,Bengaluru,29,M,Influencer,1
C100152,17-12-2024,Mumbai,42,M,Google Ads,1
C100153,18-09-2024,Hyderabad,18,M,Influencer,0
C100154,21-10-2024,Hyderabad,29,M,Organic,0
C100155,22-09-2024,Bengaluru,32,M,Google Ads,0
C100156,13-06-2025,Delhi,18,M,Influencer,0
C100157,22-12-2024,Delhi,36,M,Referral,1
C100158,04-12-2024,Mumbai,29,F,Organic,0
C100159,05-01-2025,Delhi,23,M,Referral,1
C100160,12-11-2024,Mumbai,39,M,Referral,0
C100161,29-08-2024,Hyderabad,25,M,Influencer,0
C100162,23-12-2025,Pune,37,M,Google Ads,0
C100163,29-09-2024,Mumbai,32,F,Instagram Ads,0
C100164,01-06-2025,Delhi,27,M,Influencer,0
C100165,12-12-2024,Pune,22,F,Influencer,1
C100166,08-05-2025,Pune,25,F,Google Ads,0
C100167,10-11-2025,Mumbai,38,F,Instagram Ads,0
C100168,21-10-2024,Delhi,40,M,Organic,0
C100169,30-07-2024,Hyderabad,36,M,Instagram Ads,0
C100170,06-03-2025,Hyderabad,,F,Google Ads  ,0
C100171,17-06-2024,Delhi,36,F,Instagram Ads,1
C100172,10-08-2024,Bengaluru,33,F,Referral,1
C100173,27-12-2025,Bengaluru,26,F,Instagram Ads,0
C100174,26-07-2025,Mumbai,23,F,Organic,0
C100175,20-08-2024,Hyderabad,28,M,Organic,1
C100176,14-10-2025,Mumbai,25,F,Referral,0
C100177,04-10-2024,Bengaluru,32,F,Instagram Ads,0
C100178,03-02-2025,Bengaluru,43,F,Instagram Ads,0
C100179,10-10-2024,Delhi,33,F,Google Ads,0
C100180,02-06-2025,Bengaluru,42,F,Referral,0
C100181,12-08-2025,Hyderabad,31,M,Organic,0
C100182,21-09-2024,Chennai,29,M,Instagram Ads,0
C100183,01-07-2024,Mumbai,18,M,Organic,1
C100184,10-05-2025,Delhi,36,F,Organic,0
C100185,20-04-2024,Chennai,25,F,Referral,0
C100186,05-03-2025,Bengaluru,24,F,Google Ads,1
C100187,18-03-2025,Chennai,22,M,Influencer,0
C100188,25-02-2025,Delhi,33,M,Influencer,0
C100189,22-03-2025,Mumbai,26,M,Offline Banner,1
C100190,05-01-2025,Delhi,44,M,Google Ads  ,0
C100191,27-06-2024,Pune,39,M,Offline Banner,1
C100192,09-05-2025,Pune,26,M,Instagram Ads,1
C100193,30-12-2024,Bengaluru,18,M,Google Ads,1
C100194,13-07-2025,Delhi,31,F,Referral,0
C100195,17-04-2025,Delhi,,F,Referral,1
C100196,15-05-2025,Bengaluru,38,M,Organic,0
C100197,12-12-2024,Bengaluru,31,M,Instagram Ads,0
C100198,01-12-2024,Hyderabad,40,Other,Influencer,0
C100199,16-12-2025,Mumbai,34,F,Referral,1
C100200,28-12-2025,Mumbai,,M,Offline Banner,0
C100201,30-10-2025,Delhi,25,M,Instagram Ads,1
C100202,05-05-2025,Bengaluru,27,M,Organic,0
C100203,27-02-2025,Mumbai,29,M,Google Ads,1
C100204,25-04-2024,Chennai,28,M,Referral,1
C100205,21-06-2025,Bengaluru,36,M,Organic,0
C100206,12-10-2024,Mumbai,35,F,Instagram Ads,1
C100207,20-05-2024,Mumbai,27,M,Instagram Ads,0
C100208,20-04-2025,Pune,36,F,Organic,1
C100209,25-12-2025,Delhi,21,M,Referral,1
C100210,27-05-2024,Mumbai,36,F,Instagram Ads,0
C100211,14-04-2025,Chennai,37,F,Referral,0
C100212,26-02-2025,Bengaluru,33,F,Referral,0
C100213,19-05-2025,Bengaluru,35,M,Organic,0
C100214,07-08-2025,Delhi,36,M,Instagram Ads,0
C100215,12-10-2024,Pune,39,M,Referral,0
C100216,10-12-2024,Delhi,36,F,Organic,0
C100217,24-06-2025,Delhi,,M,Organic,0
C100218,11-09-2024,Delhi,18,M,Influencer,1
C100219,20-06-2024,Delhi,32,M,Referral  ,0
C100220,18-04-2025,Chennai,30,M,Google Ads,0
C100221,04-02-2025,Bengaluru,32,F,Instagram Ads,0
C100222,21-03-2025,Bengaluru,38,M,Google Ads,0
C100223,20-10-2025,Chennai,32,M,Instagram Ads,1
C100224,03-08-2025,Delhi,31,F,Influencer,0
C100225,28-01-2025,Delhi,34,F,Influencer,0
C100226,10-04-2025,Bengaluru,18,M,Google Ads,0
C100227,29-07-2024,Bengaluru,43,M,Google Ads,0
C100228,27-04-2024,Mumbai,30,F,Instagram Ads,0
C100229,13-03-2025,Delhi,42,F,Influencer,0
C100230,02-07-2025,Mumbai,24,M,Influencer,0
C100231,01-10-2025,Mumbai,23,F,Google Ads,0
C100232,10-10-2025,Mumbai,,F,Organic,1
C100233,10-10-2025,Delhi,31,M,Google Ads,0
C100234,05-09-2025,Mumbai,26,M,Instagram Ads,0
C100235,27-11-2024,Mumbai,24,F,Instagram Ads  ,0
C100236,21-11-2024,Mumbai,33,M,Referral,1
C100237,18-12-2024,Chennai,,M,Instagram Ads,1
C100238,28-01-2025,Chennai,44,M,Instagram Ads,0
C100239,11-04-2025,Bengaluru,28,M,Instagram Ads,1
C100240,21-06-2024,Chennai,22,M,Google Ads,1
C100241,22-10-2025,Chennai,28,F,Organic,0
C100242,11-09-2024,Mumbai,44,F,Instagram Ads,0
C100243,16-01-2025,Mumbai,39,M,Influencer,0
C100244,13-03-2025,Chennai,34,M,Google Ads,0
C100245,13-03-2025,Bengaluru,27,F,Google Ads,0
C100246,10-08-2025,Delhi,38,M,Instagram Ads,0
C100247,10-07-2024,Hyderabad,49,F,Google Ads,1
C100248,24-11-2024,Delhi,29,F,Instagram Ads,1
C100249,19-11-2025,Mumbai,18,F,Google Ads,0
C100250,01-10-2024,Delhi,22,M,Influencer,0
C100251,22-12-2024,Delhi,31,M,Organic,0
C100252,22-04-2025,Delhi,29,M,Influencer,0
C100253,29-05-2025,Pune,41,M,Instagram Ads,1
C100254,07-02-2025,Mumbai,26,F,Referral,0
C100255,26-07-2025,Delhi,29,F,Instagram Ads,0
C100256,20-04-2025,Delhi,25,F,Organic,0
C100257,24-08-2024,Bengaluru,37,M,Offline Banner,0
C100258,06-09-2024,Chennai,24,F,Influencer,0
C100259,18-05-2025,Delhi,29,M,Instagram Ads,0
C100260,13-12-2024,Delhi,18,F,Google Ads,0
C100261,23-08-2025,Mumbai,26,M,Instagram Ads  ,1
C100262,20-10-2024,Bengaluru,,M,Instagram Ads,0
C100263,09-09-2025,Mumbai,45,F,Instagram Ads,1
C100264,02-03-2025,Mumbai,36,F,Google Ads,0
C100265,26-11-2025,Mumbai,34,F,Google Ads  ,1
C100266,06-04-2025,Mumbai,25,M,Google Ads,0
C100267,30-07-2025,Chennai,32,F,Google Ads,0
C100268,19-12-2024,Delhi,32,F,Organic,0
C100269,21-03-2024,Delhi,31,F,Instagram Ads,0
C100270,28-02-2025,Pune,37,F,Instagram Ads,1
C100271,29-11-2024,Pune,23,F,Organic,0
C100272,28-12-2024,Delhi,51,M,Referral,0
C100273,27-04-2024,Chennai,43,M,Instagram Ads,1
C100274,19-08-2025,Hyderabad,24,M,Influencer,0
C100275,14-12-2025,Mumbai,,F,Google Ads,1
C100276,05-09-2024,Mumbai,26,M,Google Ads,0
C100277,18-10-2025,Mumbai,36,M,Google Ads,1
C100278,27-03-2025,Delhi,30,F,Google Ads,0
C100279,14-10-2024,Mumbai,18,M,Referral,0
C100280,23-05-2025,Bengaluru,23,M,Google Ads,0
C100281,22-07-2025,Pune,41,F,Google Ads,1
C100282,14-06-2025,Mumbai,29,M,Offline Banner,0
C100283,10-11-2024,Mumbai,29,M,Google Ads,0
C100284,09-07-2025,Mumbai,36,M,Organic  ,0
C100285,22-07-2024,Bengaluru,38,M,Google Ads,0
C100286,29-11-2024,Hyderabad,30,M,Google Ads,0
C100287,13-08-2024,Mumbai,18,F,Instagram Ads,1
C100288,21-08-2025,Bengaluru,24,F,Organic,0
C100289,09-10-2024,Mumbai,18,M,Organic,0
C100290,13-05-2024,Hyderabad,19,M,Instagram Ads,1
C100291,23-05-2025,Delhi,31,M,Instagram Ads,1
C100292,05-06-2025,Delhi,31,M,Offline Banner,0
C100293,09-08-2024,Mumbai,41,F,Influencer,0
C100294,08-08-2025,Pune,30,M,Referral,1
C100295,22-02-2025,Bengaluru,23,F,Referral,0
C100296,01-12-2024,Chennai,40,F,Influencer,0
C100297,21-02-2024,Delhi,45,F,Instagram Ads,0
C100298,19-06-2025,Mumbai,38,M,Organic,0
C100299,12-05-2025,Mumbai,30,M,Referral,1
C100300,21-04-2025,Bengaluru,28,M,Organic,0
C100301,18-09-2025,Pune,21,F,Instagram Ads,0
C100302,02-04-2024,Pune,24,M,Referral,1
C100303,29-12-2024,Bengaluru,27,M,Referral,1
C100304,06-11-2025,Bengaluru,20,F,Influencer,0
C100305,25-08-2024,Chennai,28,M,Organic,0
C100306,19-04-2025,Mumbai,28,M,Influencer,1
C100307,15-05-2024,Pune,41,M,Influencer,0
C100308,23-06-2025,Chennai,18,M,Google Ads,0
C100309,30-03-2025,Bengaluru,32,F,Instagram Ads,0
C100310,12-07-2025,Hyderabad,,M,Organic,1
C100311,27-05-2025,Mumbai,18,F,Influencer,1
C100312,11-10-2025,Delhi,27,F,Instagram Ads  ,0
C100313,19-11-2025,Bengaluru,,M,Referral,1
C100314,25-04-2024,Delhi,41,M,Instagram Ads,1
C100315,29-04-2025,Mumbai,28,M,Instagram Ads,1
C100316,22-09-2024,Pune,26,F,Organic,1
C100317,26-12-2024,Delhi,25,F,Organic,1
C100318,15-09-2024,Delhi,26,M,Organic,0
C100319,13-09-2024,Bengaluru,18,M,Influencer,0
C100320,22-11-2024,Mumbai,24,F,Instagram Ads,1
C100321,15-10-2024,Mumbai,37,M,Instagram Ads,1
C100322,10-09-2025,Mumbai,18,F,Influencer,1
C100323,05-08-2024,Delhi,27,F,Referral  ,0
C100324,29-03-2025,Delhi,28,F,Google Ads,0
C100325,06-03-2024,Pune,36,F,Organic,0
C100326,04-03-2025,Delhi,31,F,Influencer,1
C100327,31-10-2025,Mumbai,34,F,Organic,0
C100328,19-02-2024,Chennai,,F,Influencer,1
C100329,09-02-2025,Pune,18,M,Google Ads,0
C100330,12-09-2025,Delhi,26,M,Google Ads,0
C100331,02-09-2025,Bengaluru,29,F,Influencer,0
C100332,14-05-2024,Hyderabad,40,M,Organic,0
C100333,15-01-2025,Hyderabad,19,F,Instagram Ads,1
C100334,06-02-2025,Hyderabad,47,F,Referral  ,1
C100335,27-05-2024,Mumbai,32,M,Organic,0
C100336,29-09-2024,Delhi,24,M,Instagram Ads,1
C100337,13-01-2025,Mumbai,24,M,Organic,0
C100338,01-05-2025,Bengaluru,29,M,Instagram Ads,1
C100339,16-01-2025,Bengaluru,30,F,Google Ads,0
C100340,01-08-2024,Delhi,31,M,Organic,0
C100341,24-03-2024,Delhi,36,F,Instagram Ads,1
C100342,14-04-2025,Chennai,25,M,Instagram Ads,0
C100343,06-05-2025,Delhi,31,F,Influencer,0
C100344,13-10-2025,Mumbai,28,M,Organic,1
C100345,24-04-2024,Hyderabad,44,M,Referral,0
C100346,12-10-2024,Mumbai,18,M,Instagram Ads,0
C100347,06-08-2025,Delhi,48,M,Google Ads,0
C100348,25-08-2025,Mumbai,23,F,Referral,1
C100349,05-12-2025,Bengaluru,22,F,Instagram Ads,0
C100350,02-03-2024,Mumbai,28,M,Referral,0
C100351,22-07-2025,Chennai,32,M,Google Ads,0
C100352,30-05-2025,Mumbai,28,F,Referral,0
C100353,22-11-2025,Bengaluru,35,F,Instagram Ads,0
C100354,03-06-2024,Delhi,27,M,Instagram Ads,0
C100355,02-08-2024,Mumbai,25,M,Offline Banner,0
C100356,18-03-2025,Hyderabad,23,M,Offline Banner,1
C100357,10-10-2024,Delhi,41,M,Google Ads,0
C100358,24-10-2025,Bengaluru,34,M,Influencer,0
C100359,05-11-2025,Delhi,21,M,Organic,0
C100360,03-04-2025,Delhi,27,M,Instagram Ads,1
C100361,08-10-2025,Bengaluru,20,M,Google Ads,1
C100362,27-01-2025,Bengaluru,52,M,Google Ads,1
C100363,15-06-2025,Delhi,32,M,Referral,0
C100364,17-11-2024,Chennai,18,M,Referral,1
C100365,05-04-2025,Delhi,20,M,Offline Banner,0
C100366,06-07-2025,Delhi,20,M,Influencer,0
C100367,08-12-2024,Delhi,33,M,Influencer,0
C100368,21-02-2025,Delhi,18,F,Influencer,0
C100369,29-05-2025,Delhi,20,M,Influencer,0
C100370,25-11-2024,Hyderabad,28,F,Google Ads,1
C100371,20-07-2025,Bengaluru,30,M,Instagram Ads,1
C100372,23-06-2025,Mumbai,26,M,Referral,0
C100373,22-02-2025,Chennai,27,F,Organic,1
C100374,24-04-2025,Mumbai,19,M,Google Ads,0
C100375,12-12-2025,Delhi,34,M,Influencer,0
C100376,29-08-2024,Mumbai,18,M,Offline Banner,1
C100377,06-02-2025,Delhi,29,M,Referral,0
C100378,25-04-2025,Bengaluru,45,M,Referral,0
C100379,27-05-2025,Mumbai,28,F,Influencer,0
C100380,09-12-2024,Bengaluru,19,M,Instagram Ads,0
C100381,05-06-2025,Bengaluru,30,F,Instagram Ads,0
C100382,15-09-2025,Hyderabad,28,M,Influencer,0
C100383,05-10-2024,Hyderabad,32,M,Organic,0
C100384,21-04-2025,Delhi,32,F,Google Ads,0
C100385,23-04-2024,Delhi,38,M,Influencer,0
C100386,14-06-2024,Bengaluru,26,Other,Google Ads,0
C100387,09-07-2025,Delhi,24,M,Organic,0
C100388,24-02-2025,Delhi,24,M,Organic,0
C100389,17-11-2025,Bengaluru,25,M,Instagram Ads,0
C100390,19-06-2025,Mumbai,33,M,Google Ads,0
C100391,04-12-2024,Hyderabad,19,M,Offline Banner,0
C100392,25-01-2025,Mumbai,23,M,Instagram Ads,0
C100393,30-01-2025,Chennai,31,M,Instagram Ads,0
C100394,29-11-2024,Hyderabad,40,M,Referral,0
C100395,19-07-2024,Delhi,23,M,Instagram Ads,0
C100396,30-06-2025,Bengaluru,33,F,Influencer,0
C100397,28-07-2025,Bengaluru,29,M,Instagram Ads,0
C100398,06-12-2025,Hyderabad,35,F,Organic,0
C100399,24-04-2025,Bengaluru,31,M,Google Ads,0
C100400,27-09-2025,Bengaluru,31,M,Influencer,1
C100401,13-01-2025,Mumbai,51,F,Referral,0
C100402,03-02-2025,Mumbai,54,F,Google Ads,0
C100403,12-11-2025,Chennai,28,F,Offline Banner,0
C100404,06-09-2025,Mumbai,23,F,Instagram Ads,0
C100405,09-08-2025,Delhi,32,M,Referral,0
C100406,05-06-2024,Delhi,35,M,Offline Banner,0
C100407,04-05-2025,Pune,,F,Organic,0
C100408,19-10-2025,Bengaluru,18,M,Organic  ,0
C100409,16-08-2025,Hyderabad,27,F,Instagram Ads,0
C100410,25-07-2025,Pune,26,F,Instagram Ads,1
C100411,17-10-2025,Pune,24,F,Instagram Ads,0
C100412,01-08-2024,Bengaluru,19,F,Offline Banner,0
C100413,31-01-2025,Delhi,29,F,Offline Banner,1
C100414,19-10-2025,Delhi,36,M,Google Ads,0
C100415,13-10-2025,Bengaluru,21,M,Google Ads,0
C100416,04-03-2024,Mumbai,31,M,Instagram Ads,0
C100417,28-03-2024,Bengaluru,34,F,Google Ads,0
C100418,21-12-2024,Bengaluru,44,M,Google Ads,0
C100419,01-05-2025,Bengaluru,36,F,Organic,1
C100420,10-11-2024,Delhi,30,F,Influencer,1
C100421,28-01-2025,Delhi,33,F,Organic,0
C100422,12-10-2024,Hyderabad,37,M,Organic,0
C100423,13-04-2025,Delhi,,F,Organic,0
C100424,21-03-2024,Bengaluru,37,M,Organic,0
C100425,02-09-2025,Bengaluru,28,F,Referral,1
C100426,22-03-2025,Chennai,40,M,Google Ads,0
C100427,15-07-2025,Pune,26,F,Google Ads,0
C100428,11-04-2024,Mumbai,25,M,Organic,0
C100429,09-01-2025,Bengaluru,27,F,Offline Banner,1
C100430,06-11-2025,Delhi,23,M,Referral,0
C100431,26-01-2025,Mumbai,37,F,Offline Banner,1
C100432,23-08-2025,Hyderabad,18,M,Instagram Ads,0
C100433,16-04-2025,Bengaluru,27,F,Influencer,0
C100434,02-10-2024,Bengaluru,33,M,Influencer,0
C100435,20-09-2024,Delhi,31,F,Organic,0
C100436,09-01-2025,Pune,30,M,Offline Banner,0
C100437,15-09-2024,Mumbai,29,M,Referral,0
C100438,27-11-2025,Pune,,F,Google Ads,0
C100439,08-06-2025,Bengaluru,22,F,Instagram Ads,0
C100440,30-05-2025,Mumbai,27,F,Referral  ,0
C100441,19-09-2024,Delhi,28,F,Offline Banner,1
C100442,02-07-2025,Delhi,34,M,Instagram Ads,1
C100443,24-12-2024,Pune,38,M,Organic,1
C100444,19-11-2025,Pune,29,M,Organic,0
C100445,08-08-2025,Bengaluru,36,M,Instagram Ads,0
C100446,06-08-2025,Mumbai,31,M,Instagram Ads,0
C100447,28-10-2025,Bengaluru,30,F,Google Ads,0
C100448,21-06-2025,Mumbai,37,M,Google Ads,1
C100449,17-06-2025,Bengaluru,19,M,Instagram Ads,0
C100450,08-07-2025,Mumbai,34,F,Instagram Ads,0
C100451,04-09-2024,Pune,25,M,Instagram Ads,1
C100452,19-11-2024,Hyderabad,39,M,Organic  ,0
C100453,26-05-2025,Mumbai,25,M,Organic,1
C100454,31-07-2024,Pune,,F,Organic,0
C100455,07-09-2025,Bengaluru,18,M,Referral,0
C100456,23-04-2025,Delhi,33,F,Offline Banner,1
C100457,07-10-2025,Delhi,27,M,Influencer,1
C100458,16-03-2025,Hyderabad,26,M,Offline Banner,1
C100459,16-05-2025,Pune,,M,Google Ads,1
C100460,15-10-2024,Pune,18,F,Influencer,1
C100461,22-08-2025,Bengaluru,25,F,Organic,0
C100462,04-08-2024,Delhi,29,M,Google Ads,0
C100463,09-08-2025,Delhi,42,M,Instagram Ads,0
C100464,13-08-2024,Mumbai,32,M,Organic  ,0
C100465,02-08-2024,Pune,34,M,Instagram Ads,0
C100466,27-03-2025,Chennai,31,F,Google Ads,1
C100467,24-12-2024,Delhi,58,M,Referral,0
C100468,31-08-2024,Hyderabad,38,M,Organic,0
C100469,23-09-2025,Bengaluru,18,F,Offline Banner,1
C100470,23-10-2024,Delhi,32,M,Referral,0
C100471,09-04-2025,Bengaluru,39,F,Organic,1
C100472,05-12-2025,Pune,19,F,Google Ads,1
C100473,16-03-2025,Mumbai,31,M,Organic,0
C100474,17-01-2025,Pune,26,M,Google Ads,0
C100475,18-04-2024,Delhi,24,M,Influencer,0
C100476,06-05-2025,Delhi,,F,Google Ads,0
C100477,24-04-2025,Delhi,25,F,Referral,0
C100478,17-12-2024,Pune,25,M,Google Ads,0
C100479,02-11-2024,Mumbai,23,F,Influencer,1
C100480,09-12-2025,Hyderabad,22,F,Offline Banner,0
C100481,25-08-2024,Bengaluru,26,M,Google Ads,0
C100482,18-08-2024,Bengaluru,26,M,Referral,1
C100483,27-03-2025,Pune,21,F,Organic,0
C100484,26-05-2025,Mumbai,30,M,Influencer,0
C100485,17-02-2025,Pune,18,F,Referral,0
C100486,08-03-2025,Delhi,31,F,Instagram Ads,0
C100487,06-06-2025,Bengaluru,,M,Google Ads,1
C100488,10-05-2024,Hyderabad,26,F,Referral,0
C100489,15-05-2025,Pune,33,M,Google Ads,0
C100490,11-08-2025,Delhi,28,F,Instagram Ads,0
C100491,12-06-2025,Bengaluru,49,M,Instagram Ads  ,0
C100492,22-04-2025,Mumbai,,F,Organic,0
C100493,22-08-2025,Mumbai,24,F,Offline Banner,1
C100494,27-06-2024,Delhi,41,M,Offline Banner,0
C100495,17-10-2024,Delhi,50,M,Organic,1
C100496,25-08-2025,Pune,29,M,Influencer,1
C100497,12-05-2025,Hyderabad,34,F,Google Ads,0
C100498,15-06-2025,Mumbai,39,M,Organic,0
C100499,04-08-2025,Pune,22,Other,Instagram Ads,1
C100500,26-09-2025,Delhi,18,F,Organic,1
C100501,10-08-2025,Bengaluru,32,M,Offline Banner,0
C100502,25-12-2025,Pune,24,F,Influencer,0
C100503,19-10-2025,Pune,29,M,Referral,0
C100504,04-07-2025,Mumbai,39,F,Influencer,0
C100505,23-12-2025,Hyderabad,35,M,Offline Banner,0
C100506,21-12-2024,Mumbai,35,M,Instagram Ads,0
C100507,23-08-2025,Pune,,M,Influencer,0
C100508,07-09-2024,Bengaluru,25,Other,Google Ads,0
C100509,17-02-2024,Hyderabad,25,M,Influencer,1
C100510,14-01-2025,Delhi,44,M,Instagram Ads,0
C100511,05-07-2025,Bengaluru,49,M,Instagram Ads,0
C100512,20-03-2025,Bengaluru,,M,Organic,0
C100513,15-08-2024,Bengaluru,28,M,Instagram Ads,1
C100514,31-05-2025,Hyderabad,22,F,Instagram Ads,0
C100515,11-10-2025,Chennai,52,M,Referral,0
C100516,13-01-2025,Hyderabad,34,M,Influencer,1
C100517,17-03-2024,Delhi,34,M,Google Ads,1
C100518,29-11-2025,Pune,26,M,Influencer,0
C100519,30-10-2025,Delhi,36,M,Influencer,0
C100520,02-07-2025,Bengaluru,29,F,Referral,0
C100521,28-11-2024,Pune,22,M,Organic,0
C100522,23-02-2025,Delhi,28,M,Instagram Ads  ,0
C100523,03-12-2025,Pune,34,M,Google Ads,0
C100524,01-06-2024,Hyderabad,43,M,Google Ads,0
C100525,09-10-2024,Bengaluru,18,M,Instagram Ads,0
C100526,09-11-2025,Mumbai,21,F,Google Ads,1
C100527,24-12-2025,Mumbai,27,F,Google Ads,0
C100528,05-01-2025,Chennai,23,M,Organic,0
C100529,13-09-2025,Delhi,31,M,Referral,1
C100530,01-07-2024,Bengaluru,27,F,Offline Banner,1
C100531,18-08-2024,Delhi,31,F,Instagram Ads,0
C100532,12-12-2024,Delhi,32,M,Instagram Ads,0
C100533,13-10-2025,Hyderabad,20,M,Referral,0
C100534,15-11-2024,Mumbai,29,M,Instagram Ads,1
C100535,02-10-2025,Chennai,24,M,Influencer,0
C100536,11-08-2024,Bengaluru,40,M,Referral,0
C100537,05-08-2024,Bengaluru,25,F,Referral,0
C100538,28-03-2025,Delhi,27,M,Google Ads,0
C100539,27-10-2024,Chennai,23,M,Google Ads,0
C100540,18-05-2025,Delhi,30,F,Google Ads,0
C100541,17-06-2025,Bengaluru,29,M,Instagram Ads,0
C100542,04-04-2025,Mumbai,42,M,Instagram Ads  ,0
C100543,25-04-2025,Mumbai,30,M,Referral,0
C100544,11-03-2025,Bengaluru,41,M,Instagram Ads,0
C100545,31-10-2025,Bengaluru,43,F,Organic,0
C100546,10-12-2025,Delhi,28,M,Google Ads,0
C100547,15-05-2024,Bengaluru,29,F,Instagram Ads,0
C100548,07-03-2025,Hyderabad,26,F,Instagram Ads  ,0
C100549,08-11-2024,Mumbai,21,M,Google Ads,0
C100550,03-05-2025,Delhi,49,M,Instagram Ads,0
C100551,15-07-2024,Mumbai,26,M,Instagram Ads,0
C100552,14-02-2025,Delhi,23,F,Google Ads,0
C100553,07-06-2025,Delhi,22,M,Google Ads,0
C100554,07-09-2025,Mumbai,25,M,Influencer,1
C100555,17-07-2024,Bengaluru,28,F,Influencer,1
C100556,05-05-2025,Delhi,40,M,Instagram Ads,0
C100557,29-05-2025,Bengaluru,45,M,Instagram Ads,0
C100558,04-11-2025,Chennai,18,F,Organic,1
C100559,26-05-2025,Chennai,,M,Influencer,0
C100560,06-03-2025,Pune,44,M,Offline Banner,1
C100561,07-09-2025,Mumbai,26,F,Instagram Ads,1
C100562,22-04-2025,Delhi,23,M,Google Ads,1
C100563,14-02-2025,Pune,35,M,Organic,0
C100564,28-07-2025,Delhi,,M,Influencer  ,0
C100565,01-08-2025,Delhi,42,F,Instagram Ads,0
C100566,15-07-2025,Bengaluru,34,F,Organic,0
C100567,22-09-2025,Delhi,24,M,Google Ads,0
C100568,19-04-2025,Pune,33,M,Instagram Ads,0
C100569,19-09-2025,Hyderabad,31,F,Referral,0
C100570,19-06-2024,Hyderabad,18,M,Instagram Ads,0
C100571,13-11-2025,Pune,23,M,Organic,0
C100572,09-11-2025,Delhi,25,M,Organic,0
C100573,08-10-2025,Hyderabad,34,M,Influencer,0
C100574,17-03-2024,Mumbai,35,M,Google Ads,0
C100575,23-10-2024,Bengaluru,40,F,Instagram Ads,0
C100576,30-09-2025,Delhi,25,M,Google Ads,1
C100577,08-09-2025,Hyderabad,19,M,Referral,0
C100578,31-07-2025,Chennai,24,M,Organic,1
C100579,28-12-2024,Delhi,25,M,Google Ads,1
C100580,07-03-2025,Delhi,24,M,Referral,0
C100581,22-03-2025,Delhi,30,M,Referral,0
C100582,21-08-2024,Mumbai,,M,Instagram Ads,0
C100583,16-04-2025,Mumbai,27,M,Organic,1
C100584,13-03-2025,Pune,35,M,Google Ads,0
C100585,21-11-2024,Mumbai,38,Other,Influencer,0
C100586,03-12-2025,Bengaluru,30,M,Organic,0
C100587,21-02-2025,Hyderabad,21,F,Instagram Ads,1
C100588,22-12-2024,Mumbai,28,M,Referral,1
C100589,01-06-2025,Mumbai,39,M,Organic,0
C100590,06-12-2024,Hyderabad,36,F,Instagram Ads,0
C100591,30-08-2025,Hyderabad,22,M,Influencer,0
C100592,02-08-2025,Delhi,40,M,Instagram Ads,0
C100593,31-10-2025,Delhi,28,M,Referral,1
C100594,01-06-2025,Delhi,22,M,Offline Banner,0
C100595,28-12-2025,Mumbai,30,M,Referral,0
C100596,16-12-2025,Mumbai,18,F,Google Ads,1
C100597,18-05-2025,Bengaluru,36,M,Instagram Ads,0
C100598,13-12-2025,Pune,40,M,Instagram Ads,1
C100599,30-04-2025,Delhi,22,F,Referral,0
C100600,24-09-2024,Bengaluru,29,M,Referral,0
C100601,15-07-2024,Mumbai,37,F,Google Ads,1
C100602,05-09-2025,Bengaluru,20,F,Offline Banner  ,1
C100603,23-07-2025,Bengaluru,21,M,Google Ads,0
C100604,30-10-2025,Pune,29,M,Referral,0
C100605,27-08-2025,Delhi,28,F,Referral,1
C100606,17-07-2024,Delhi,31,M,Referral,1
C100607,14-10-2024,Bengaluru,30,M,Referral,1
C100608,12-07-2025,Mumbai,20,M,Google Ads,0
C100609,04-04-2025,Delhi,18,M,Offline Banner,0
C100610,11-02-2024,Delhi,20,Other,Referral,1
C100611,21-09-2025,Bengaluru,35,M,Referral,0
C100612,27-09-2024,Mumbai,38,M,Organic,0
C100613,23-12-2025,Chennai,30,F,Instagram Ads,0
C100614,02-12-2024,Mumbai,36,M,Influencer,0
C100615,10-12-2025,Delhi,26,M,Referral,0
C100616,30-10-2024,Bengaluru,28,Other,Organic,0
C100617,16-12-2024,Delhi,38,F,Organic,0
C100618,24-11-2025,Bengaluru,34,M,Influencer,0
C100619,01-04-2024,Bengaluru,32,F,Google Ads,1
C100620,08-08-2025,Mumbai,29,M,Influencer,0
C100621,01-12-2024,Hyderabad,21,M,Google Ads,0
C100622,09-06-2025,Delhi,31,M,Organic,1
C100623,15-11-2025,Pune,33,F,Instagram Ads,0
C100624,06-09-2024,Hyderabad,48,M,Instagram Ads,0
C100625,23-10-2024,Mumbai,,F,Instagram Ads,1
C100626,04-06-2024,Delhi,28,M,Google Ads,1
C100627,05-09-2025,Mumbai,33,F,Instagram Ads,0
C100628,20-10-2024,Mumbai,42,M,Organic,1
C100629,09-12-2025,Bengaluru,33,F,Google Ads,0
C100630,13-12-2024,Delhi,29,F,Organic,0
C100631,16-07-2025,Chennai,24,F,Instagram Ads,1
C100632,05-06-2024,Delhi,24,F,Instagram Ads,0
C100633,17-04-2025,Mumbai,37,F,Google Ads,1
C100634,10-10-2024,Delhi,28,M,Google Ads  ,0
C100635,05-07-2025,Delhi,47,M,Instagram Ads,0
C100636,05-03-2025,Pune,31,M,Offline Banner,0
C100637,13-12-2025,Bengaluru,34,M,Google Ads,0
C100638,04-11-2024,Delhi,26,F,Organic,0
C100639,07-12-2024,Pune,24,M,Instagram Ads,0
C100640,29-12-2025,Pune,37,M,Influencer,1
C100641,29-09-2025,Hyderabad,40,M,Google Ads,1
C100642,02-06-2024,Pune,23,M,Offline Banner,0
C100643,11-12-2024,Bengaluru,25,M,Google Ads,0
C100644,11-07-2025,Bengaluru,25,M,Instagram Ads,0
C100645,10-10-2025,Mumbai,36,M,Referral,1
C100646,03-12-2024,Delhi,33,F,Referral,0
C100647,24-10-2025,Bengaluru,30,M,Instagram Ads,1
C100648,04-06-2024,Pune,,F,Instagram Ads,1
C100649,11-07-2024,Bengaluru,43,F,Influencer,0
C100650,09-10-2025,Chennai,38,M,Instagram Ads,0
C100651,08-03-2025,Mumbai,18,M,Referral,0
C100652,09-05-2025,Hyderabad,37,M,Referral,1
C100653,28-11-2025,Bengaluru,28,F,Organic,0
C100654,04-11-2024,Bengaluru,26,F,Instagram Ads,1
C100655,04-06-2024,Bengaluru,37,F,Referral,1
C100656,22-07-2025,Delhi,33,F,Instagram Ads,0
C100657,22-10-2025,Delhi,31,F,Google Ads,0
C100658,07-03-2025,Chennai,23,F,Referral,0
C100659,07-06-2025,Delhi,39,F,Offline Banner,0
C100660,22-07-2024,Mumbai,21,F,Instagram Ads,0
C100661,27-11-2024,Mumbai,37,F,Instagram Ads,0
C100662,17-12-2025,Mumbai,31,M,Organic,1
C100663,10-12-2024,Hyderabad,,F,Google Ads,1
C100664,13-02-2025,Hyderabad,26,F,Organic,0
C100665,01-04-2025,Pune,32,M,Offline Banner,0
C100666,30-10-2024,Mumbai,,M,Offline Banner,0
C100667,15-10-2025,Bengaluru,40,F,Google Ads  ,1
C100668,15-09-2025,Pune,,M,Referral,0
C100669,19-12-2024,Chennai,25,F,Offline Banner,0
C100670,08-04-2025,Chennai,,M,Instagram Ads,0
C100671,06-02-2025,Hyderabad,28,F,Referral,0
C100672,14-03-2025,Delhi,40,M,Google Ads,1
C100673,06-02-2025,Delhi,18,M,Google Ads,0
C100674,11-10-2024,Pune,30,F,Offline Banner,1
C100675,14-09-2025,Pune,43,M,Organic,0
C100676,01-12-2025,Hyderabad,31,F,Google Ads,0
C100677,09-10-2025,Mumbai,32,M,Influencer,1
C100678,11-08-2024,Bengaluru,30,F,Referral,1
C100679,21-12-2025,Mumbai,25,M,Influencer,0
C100680,15-06-2024,Mumbai,35,M,Google Ads,0
C100681,15-04-2025,Mumbai,29,F,Instagram Ads,0
C100682,14-05-2025,Chennai,32,M,Google Ads,1
C100683,16-06-2025,Delhi,35,F,Referral,1
C100684,17-07-2025,Bengaluru,34,F,Google Ads  ,0
C100685,04-03-2025,Mumbai,31,M,Instagram Ads,0
C100686,12-01-2025,Bengaluru,38,M,Offline Banner,0
C100687,14-08-2025,Bengaluru,39,M,Offline Banner,0
C100688,13-07-2025,Chennai,37,M,Organic,0
C100689,14-02-2025,Delhi,39,M,Influencer,1
C100690,16-10-2025,Delhi,41,F,Offline Banner,1
C100691,27-03-2025,Hyderabad,21,F,Organic,0
C100692,09-03-2025,Mumbai,53,M,Referral,0
C100693,10-09-2025,Delhi,32,M,Influencer,0
C100694,05-09-2025,Bengaluru,29,F,Referral,0
C100695,10-11-2024,Bengaluru,32,M,Instagram Ads,1
C100696,14-10-2024,Delhi,19,F,Google Ads,0
C100697,08-08-2025,Mumbai,32,M,Referral,0
C100698,29-09-2025,Pune,24,F,Offline Banner  ,0
C100699,18-09-2025,Bengaluru,31,F,Organic,0
C100700,02-09-2024,Delhi,32,M,Influencer,0
C100701,26-04-2025,Mumbai,26,F,Organic,1
C100702,07-05-2024,Bengaluru,18,F,Google Ads,1
C100703,26-07-2024,Delhi,33,F,Organic,0
C100704,18-09-2025,Pune,30,M,Instagram Ads,0
C100705,08-12-2025,Bengaluru,32,M,Google Ads,0
C100706,07-08-2025,Mumbai,27,M,Influencer,1
C100707,01-04-2025,Chennai,25,M,Organic,0
C100708,15-11-2024,Mumbai,29,M,Influencer,1
C100709,14-04-2024,Delhi,32,F,Google Ads,0
C100710,21-12-2025,Bengaluru,36,M,Organic,0
C100711,18-09-2025,Bengaluru,24,M,Instagram Ads,1
C100712,02-10-2024,Mumbai,37,M,Referral,1
C100713,19-05-2025,Mumbai,36,M,Google Ads,0
C100714,10-06-2024,Mumbai,35,M,Referral,0
C100715,12-04-2025,Mumbai,45,F,Instagram Ads,0
C100716,16-08-2025,Hyderabad,18,F,Google Ads,1
C100717,19-02-2025,Bengaluru,46,M,Organic,1
C100718,11-05-2025,Mumbai,25,M,Referral,0
C100719,20-09-2024,Mumbai,32,F,Referral,0
C100720,18-11-2025,Mumbai,31,M,Referral,0
C100721,02-10-2025,Mumbai,20,M,Offline Banner,0
C100722,02-03-2025,Delhi,35,M,Offline Banner,1
C100723,06-02-2025,Mumbai,37,M,Google Ads,0
C100724,02-11-2025,Mumbai,34,F,Google Ads  ,0
C100725,16-06-2025,Bengaluru,19,F,Referral,0
C100726,06-03-2025,Hyderabad,21,M,Instagram Ads,1
C100727,12-06-2024,Mumbai,25,M,Google Ads,0
C100728,20-01-2025,Chennai,41,M,Instagram Ads,0
C100729,30-10-2025,Pune,31,M,Instagram Ads,0
C100730,07-03-2024,Chennai,18,F,Organic,1
C100731,02-04-2024,Pune,47,M,Google Ads,0
C100732,12-12-2024,Bengaluru,43,M,Instagram Ads,1
C100733,06-01-2025,Bengaluru,22,M,Influencer,0
C100734,01-11-2025,Delhi,27,M,Influencer,0
C100735,22-12-2024,Hyderabad,28,F,Influencer,0
C100736,06-06-2025,Bengaluru,35,M,Google Ads,0
C100737,29-06-2025,Bengaluru,32,F,Instagram Ads,1
C100738,27-06-2025,Hyderabad,25,F,Instagram Ads,0
C100739,11-09-2025,Mumbai,41,F,Google Ads,1
C100740,04-07-2025,Bengaluru,44,F,Instagram Ads,0
C100741,25-05-2024,Mumbai,30,F,Influencer,0
C100742,29-01-2025,Hyderabad,26,M,Offline Banner,1
C100743,04-11-2025,Pune,,F,Influencer,1
C100744,23-09-2025,Pune,18,F,Organic,1
C100745,12-03-2025,Hyderabad,23,M,Referral,1
C100746,15-10-2025,Delhi,38,F,Organic,1
C100747,05-12-2024,Chennai,42,M,Offline Banner,0
C100748,18-05-2025,Mumbai,28,F,Organic,0
C100749,29-12-2024,Pune,49,M,Instagram Ads,0
C100750,30-10-2025,Delhi,18,F,Instagram Ads,1
C100751,06-03-2025,Mumbai,39,M,Referral,0
C100752,18-06-2025,Hyderabad,31,M,Google Ads,0
C100753,08-06-2024,Bengaluru,27,M,Offline Banner,1
C100754,10-10-2025,Mumbai,38,M,Organic,0
C100755,18-12-2024,Bengaluru,27,Other,Organic,0
C100756,17-02-2025,Bengaluru,22,M,Instagram Ads,0
C100757,28-07-2025,Mumbai,31,M,Referral,0
C100758,23-11-2025,Bengaluru,30,F,Google Ads,0
C100759,11-04-2025,Delhi,,M,Organic,0
C100760,26-12-2024,Hyderabad,26,M,Google Ads,0
C100761,05-05-2025,Delhi,27,M,Offline Banner,1
C100762,12-09-2025,Bengaluru,18,F,Organic,1
C100763,07-09-2025,Mumbai,18,F,Organic,1
C100764,01-09-2025,Mumbai,38,F,Offline Banner,0
C100765,08-12-2024,Bengaluru,19,Other,Offline Banner,1
C100766,19-10-2025,Bengaluru,30,F,Instagram Ads,0
C100767,25-08-2025,Chennai,18,F,Influencer,1
C100768,17-07-2025,Pune,,M,Instagram Ads,1
C100769,16-06-2025,Hyderabad,28,M,Referral,1
C100770,10-07-2025,Mumbai,39,M,Instagram Ads,0
C100771,18-07-2025,Mumbai,47,M,Organic,1
C100772,19-05-2025,Delhi,20,F,Referral,1
C100773,20-06-2024,Mumbai,25,M,Organic,0
C100774,02-06-2024,Pune,37,F,Organic,0
C100775,03-08-2025,Mumbai,25,M,Organic,0
C100776,22-05-2024,Mumbai,33,M,Google Ads,1
C100777,28-01-2025,Mumbai,31,M,Influencer,1
C100778,29-08-2025,Mumbai,18,M,Referral,0
C100779,02-09-2025,Delhi,38,F,Referral,0
C100780,13-06-2025,Bengaluru,29,F,Offline Banner,0
C100781,27-03-2025,Mumbai,21,F,Google Ads,1
C100782,06-11-2024,Bengaluru,43,M,Referral,0
C100783,29-12-2025,Bengaluru,25,M,Organic,0
C100784,20-07-2025,Hyderabad,24,M,Instagram Ads  ,1
C100785,23-12-2025,Hyderabad,18,F,Google Ads,0
C100786,16-06-2024,Hyderabad,35,M,Influencer,0
C100787,22-01-2025,Bengaluru,31,F,Instagram Ads,0
C100788,27-07-2025,Mumbai,18,F,Referral,0
C100789,16-06-2025,Chennai,32,M,Organic,0
C100790,27-10-2024,Delhi,37,F,Organic,0
C100791,15-09-2025,Delhi,34,F,Organic,0
C100792,28-10-2024,Mumbai,41,M,Influencer,0
C100793,01-10-2024,Bengaluru,26,F,Google Ads,0
C100794,20-09-2024,Delhi,45,F,Organic,0
C100795,16-03-2025,Hyderabad,31,M,Organic,0
C100796,03-02-2025,Bengaluru,37,M,Google Ads,0
C100797,13-09-2025,Bengaluru,41,M,Offline Banner,0
C100798,09-06-2024,Mumbai,52,F,Influencer,0
C100799,10-12-2024,Bengaluru,22,M,Google Ads,1
C100800,08-02-2025,Delhi,25,M,Organic,0
C100801,22-09-2025,Delhi,32,M,Organic,0
C100802,20-07-2025,Mumbai,28,M,Google Ads,0
C100803,02-11-2025,Hyderabad,24,M,Influencer,0
C100804,29-06-2024,Bengaluru,18,M,Organic,0
C100805,07-09-2024,Bengaluru,32,M,Organic,0
C100806,04-01-2025,Bengaluru,37,F,Instagram Ads,0
C100807,03-11-2024,Bengaluru,33,F,Google Ads,0
C100808,31-08-2025,Mumbai,,M,Google Ads,0
C100809,28-11-2024,Delhi,18,F,Organic,0
C100810,10-06-2025,Pune,31,M,Organic,0
C100811,15-05-2024,Bengaluru,29,F,Instagram Ads,0
C100812,02-06-2024,Hyderabad,28,M,Google Ads,1
C100813,30-11-2024,Mumbai,28,M,Referral,0
C100814,27-04-2025,Hyderabad,27,M,Organic,1
C100815,29-10-2025,Bengaluru,32,M,Organic,1
C100816,18-02-2025,Delhi,39,F,Referral,0
C100817,21-09-2024,Pune,23,M,Instagram Ads,0
C100818,31-07-2025,Mumbai,34,M,Google Ads,1
C100819,30-12-2024,Delhi,31,F,Google Ads,0
C100820,15-06-2025,Delhi,18,F,Influencer,0
C100821,24-04-2024,Hyderabad,25,M,Instagram Ads,0
C100822,16-03-2025,Hyderabad,31,M,Referral,0
C100823,06-10-2025,Hyderabad,48,F,Organic,0
C100824,29-08-2025,Chennai,25,M,Offline Banner,1
C100825,02-10-2025,Mumbai,26,F,Offline Banner,0
C100826,15-09-2024,Bengaluru,34,F,Offline Banner,1
C100827,10-12-2025,Bengaluru,,M,Organic,0
C100828,12-06-2024,Chennai,20,F,Organic,0
C100829,22-04-2025,Mumbai,18,M,Organic,0
C100830,07-12-2024,Chennai,18,F,Influencer,0
C100831,03-10-2024,Delhi,37,F,Offline Banner,1
C100832,12-08-2025,Hyderabad,22,F,Referral,0
C100833,13-08-2024,Bengaluru,49,Other,Google Ads,0
C100834,28-09-2025,Pune,26,F,Referral,1
C100835,02-10-2025,Delhi,37,F,Organic,0
C100836,12-02-2025,Delhi,,M,Organic,0
C100837,02-07-2025,Delhi,32,F,Influencer,0
C100838,12-02-2025,Bengaluru,42,F,Referral  ,0
C100839,20-08-2025,Bengaluru,28,F,Google Ads,0
C100840,24-12-2024,Pune,,F,Offline Banner,0
C100841,20-08-2024,Mumbai,28,M,Instagram Ads,0
C100842,31-08-2025,Delhi,29,M,Instagram Ads,0
C100843,21-12-2025,Delhi,23,F,Organic,0
C100844,05-11-2025,Delhi,44,F,Instagram Ads,1
C100845,10-10-2025,Hyderabad,,M,Google Ads,0
C100846,14-06-2025,Pune,41,M,Google Ads,0
C100847,08-11-2025,Chennai,39,M,Instagram Ads,0
C100848,18-01-2024,Mumbai,44,F,Referral,1
C100849,17-10-2025,Delhi,,F,Google Ads,1
C100850,22-12-2024,Delhi,36,M,Referral,0
C100851,13-07-2024,Bengaluru,26,M,Instagram Ads,0
C100852,19-05-2025,Chennai,29,F,Organic,0
C100853,14-01-2025,Delhi,22,F,Google Ads,0
C100854,20-02-2025,Delhi,49,M,Google Ads,0
C100855,05-07-2024,Hyderabad,25,F,Google Ads  ,1
C100856,31-05-2025,Bengaluru,36,M,Google Ads,0
C100857,24-05-2024,Delhi,20,F,Referral  ,0
C100858,03-12-2024,Pune,28,F,Referral,0
C100859,01-09-2024,Delhi,39,F,Offline Banner,1
C100860,26-08-2024,Chennai,33,F,Offline Banner,0
C100861,10-12-2025,Delhi,23,M,Organic,0
C100862,21-10-2024,Delhi,25,F,Instagram Ads,0
C100863,28-09-2024,Mumbai,32,F,Organic  ,0
C100864,02-07-2024,Delhi,30,M,Instagram Ads,0
C100865,22-04-2024,Bengaluru,20,M,Organic,0
C100866,05-08-2024,Hyderabad,27,M,Google Ads,0
C100867,18-05-2025,Bengaluru,29,F,Influencer,0
C100868,05-05-2024,Bengaluru,35,F,Offline Banner,0
C100869,12-05-2025,Mumbai,39,M,Google Ads,0
C100870,23-02-2025,Delhi,36,M,Referral,0
C100871,12-11-2024,Chennai,33,M,Referral,1
C100872,07-09-2025,Pune,33,M,Instagram Ads,0
C100873,10-09-2025,Delhi,34,M,Offline Banner  ,0
C100874,27-06-2024,Mumbai,38,Other,Google Ads,1
C100875,22-02-2025,Bengaluru,44,F,Instagram Ads,0
C100876,08-03-2025,Delhi,23,M,Organic,0
C100877,23-11-2024,Bengaluru,27,F,Instagram Ads  ,0
C100878,02-03-2025,Bengaluru,39,M,Instagram Ads,1
C100879,08-08-2024,Delhi,23,M,Referral,0
C100880,05-04-2024,Delhi,20,Other,Organic,0
C100881,04-07-2025,Hyderabad,25,M,Referral,0
C100882,06-04-2024,Mumbai,31,M,Organic  ,0
C100883,15-03-2025,Delhi,27,F,Instagram Ads,0
C100884,10-06-2025,Hyderabad,33,M,Referral,0
C100885,18-04-2024,Hyderabad,28,M,Google Ads,1
C100886,03-09-2025,Mumbai,28,M,Offline Banner,1
C100887,21-07-2025,Pune,18,M,Instagram Ads,1
C100888,02-06-2024,Hyderabad,35,M,Google Ads,0
C100889,25-10-2024,Mumbai,35,F,Offline Banner,0
C100890,07-05-2025,Mumbai,29,F,Offline Banner,0
C100891,19-04-2024,Hyderabad,32,F,Influencer,0
C100892,03-02-2025,Delhi,32,F,Instagram Ads,1
C100893,15-07-2025,Mumbai,39,F,Referral,1
C100894,15-11-2025,Bengaluru,32,M,Google Ads,1
C100895,11-08-2024,Bengaluru,20,F,Influencer,0
C100896,17-06-2025,Bengaluru,46,M,Instagram Ads,1
C100897,20-07-2024,Bengaluru,41,M,Instagram Ads,0
C100898,25-12-2024,Delhi,,F,Referral,0
C100899,13-08-2025,Mumbai,32,F,Instagram Ads,0
C100900,01-02-2025,Bengaluru,33,M,Organic,1
C100901,11-11-2025,Hyderabad,,M,Influencer,0
C100902,27-11-2024,Bengaluru,39,M,Organic,0
C100903,16-03-2025,Mumbai,39,F,Referral,0
C100904,13-10-2025,Chennai,30,Other,Influencer,1
C100905,19-06-2024,Delhi,36,F,Instagram Ads,1
C100906,23-04-2024,Delhi,39,F,Google Ads,0
C100907,21-06-2024,Mumbai,32,M,Referral,0
C100908,09-03-2025,Delhi,22,M,Instagram Ads,0
C100909,05-11-2024,Bengaluru,36,F,Instagram Ads,0
C100910,16-09-2025,Delhi,31,M,Google Ads,0
C100911,04-06-2025,Delhi,22,M,Offline Banner,0
C100912,09-01-2025,Mumbai,39,F,Offline Banner,0
C100913,24-08-2024,Hyderabad,32,F,Referral,1
C100914,18-06-2025,Pune,29,M,Instagram Ads,1
C100915,08-10-2025,Hyderabad,47,F,Instagram Ads,0
C100916,12-06-2025,Delhi,26,M,Google Ads,0
C100917,08-06-2024,Bengaluru,23,M,Instagram Ads,0
C100918,18-09-2024,Delhi,32,M,Instagram Ads,0
C100919,23-11-2025,Mumbai,29,F,Organic,0
C100920,26-01-2025,Pune,26,M,Referral,1
C100921,18-11-2025,Mumbai,42,F,Google Ads,0
C100922,24-01-2025,Delhi,22,F,Organic,0
C100923,19-07-2024,Mumbai,33,F,Organic  ,0
C100924,17-06-2025,Delhi,31,M,Referral,1
C100925,20-09-2024,Mumbai,30,M,Instagram Ads,0
C100926,12-10-2024,Bengaluru,40,M,Offline Banner,0
C100927,03-10-2025,Mumbai,47,M,Organic,0
C100928,27-06-2025,Chennai,,F,Google Ads,0
C100929,01-06-2025,Bengaluru,38,F,Organic,1
C100930,08-10-2025,Pune,31,M,Google Ads,0
C100931,07-11-2024,Hyderabad,31,F,Organic,0
C100932,13-07-2025,Bengaluru,34,M,Referral,0
C100933,28-11-2025,Bengaluru,32,F,Referral,0
C100934,25-09-2025,Delhi,23,F,Organic,1
C100935,18-05-2025,Bengaluru,41,M,Organic,1
C100936,15-02-2025,Mumbai,,F,Instagram Ads,0
C100937,14-08-2024,Delhi,30,F,Instagram Ads,0
C100938,19-05-2024,Mumbai,25,M,Google Ads,0
C100939,13-06-2025,Hyderabad,33,F,Google Ads,1
C100940,08-11-2024,Chennai,29,M,Google Ads,0
C100941,05-05-2025,Mumbai,32,M,Organic,0
C100942,15-06-2025,Bengaluru,29,F,Instagram Ads  ,0
C100943,06-04-2025,Pune,24,F,Organic,0
C100944,23-08-2024,Mumbai,43,M,Organic,1
C100945,24-06-2024,Delhi,23,F,Instagram Ads,0
C100946,29-08-2025,Mumbai,24,F,Organic,0
C100947,17-12-2025,Pune,36,F,Offline Banner,1
C100948,20-02-2025,Delhi,33,M,Instagram Ads,0
C100949,05-09-2025,Mumbai,36,F,Offline Banner,0
C100950,19-10-2025,Mumbai,35,F,Organic,0
C100951,02-09-2025,Pune,24,F,Referral  ,0
C100952,30-11-2025,Chennai,36,M,Instagram Ads,0
C100953,10-09-2024,Mumbai,25,M,Organic,0
C100954,06-11-2025,Chennai,39,M,Referral,0
C100955,01-08-2025,Delhi,23,M,Organic,0
C100956,25-08-2024,Delhi,24,F,Influencer,0
C100957,09-02-2025,Chennai,24,F,Referral,0
C100958,12-04-2025,Bengaluru,33,M,Google Ads  ,0
C100959,20-11-2024,Delhi,30,F,Instagram Ads,0
C100960,11-05-2024,Bengaluru,31,F,Instagram Ads,0
C100961,17-04-2024,Hyderabad,30,F,Influencer,1
C100962,21-01-2024,Pune,30,M,Instagram Ads,0
C100963,23-03-2024,Pune,27,M,Google Ads,0
C100964,01-09-2024,Bengaluru,18,M,Google Ads  ,0
C100965,09-10-2025,Pune,19,M,Influencer,0
C100966,11-04-2025,Bengaluru,24,M,Referral,1
C100967,28-06-2024,Bengaluru,28,F,Offline Banner,0
C100968,13-02-2025,Hyderabad,42,M,Organic,0
C100969,07-08-2025,Mumbai,22,M,Influencer,0
C100970,09-12-2024,Delhi,22,Other,Instagram Ads,1
C100971,12-01-2024,Mumbai,18,F,Google Ads,0
C100972,31-08-2024,Bengaluru,35,F,Instagram Ads,0
C100973,23-05-2025,Delhi,29,M,Referral,1
C100974,17-08-2024,Delhi,20,F,Organic,0
C100975,18-08-2024,Mumbai,30,M,Instagram Ads,1
C100976,29-11-2025,Delhi,26,F,Instagram Ads,0
C100977,14-09-2024,Hyderabad,41,M,Organic,0
C100978,21-08-2025,Delhi,25,M,Instagram Ads,0
C100979,15-05-2025,Delhi,44,Other,Referral,0
C100980,07-01-2025,Hyderabad,32,M,Instagram Ads,0
C100981,01-04-2025,Pune,27,M,Organic,0
C100982,31-05-2025,Delhi,28,M,Referral,0
C100983,16-04-2025,Delhi,33,M,Organic,0
C100984,09-04-2025,Chennai,28,M,Google Ads,0
C100985,18-12-2024,Mumbai,23,F,Google Ads,0
C100986,04-06-2025,Chennai,36,M,Influencer,0
C100987,05-11-2024,Mumbai,38,M,Organic,0
C100988,09-03-2024,Delhi,,F,Referral,0
C100989,20-10-2025,Delhi,29,F,Organic,0
C100990,06-06-2024,Delhi,39,Other,Instagram Ads,1
C100991,25-10-2025,Pune,33,M,Influencer,0
C100992,30-10-2024,Chennai,28,M,Organic,0
C100993,08-04-2025,Chennai,26,M,Referral,1
C100994,16-09-2025,Pune,38,F,Offline Banner,0
C100995,05-11-2025,Pune,18,F,Instagram Ads,0
C100996,23-11-2025,Bengaluru,42,F,Organic,0
C100997,01-05-2025,Pune,32,Other,Offline Banner,1
C100998,01-01-2025,Delhi,26,F,Google Ads,1
C100999,01-09-2024,Mumbai,25,M,Instagram Ads,1
C101000,31-08-2025,Bengaluru,,M,Organic,0
C101001,10-08-2025,Pune,,M,Instagram Ads,0
C101002,21-01-2025,Bengaluru,33,F,Influencer,0
C101003,05-08-2025,Pune,27,M,Instagram Ads,0
C101004,02-03-2025,Mumbai,26,F,Organic,0
C101005,27-05-2025,Hyderabad,33,M,Google Ads,0
C101006,05-06-2025,Chennai,52,M,Instagram Ads,0
C101007,12-11-2024,Delhi,52,M,Influencer,1
C101008,23-11-2024,Chennai,39,F,Organic,0
C101009,31-10-2025,Bengaluru,24,M,Google Ads,1
C101010,10-08-2024,Bengaluru,37,F,Google Ads,0
C101011,28-06-2025,Pune,25,F,Organic,0
C101012,10-06-2024,Mumbai,29,F,Influencer,1
C101013,25-08-2025,Mumbai,41,F,Organic,0
C101014,08-09-2025,Bengaluru,29,F,Organic,1
C101015,07-09-2025,Delhi,28,F,Instagram Ads,0
C101016,17-11-2025,Bengaluru,26,M,Influencer,1
C101017,30-10-2024,Mumbai,24,F,Organic,0
C101018,01-06-2025,Chennai,28,M,Referral,0
C101019,09-02-2025,Delhi,36,M,Referral  ,1
C101020,10-04-2024,Mumbai,36,F,Referral,0
C101021,23-07-2025,Chennai,33,M,Influencer,0
C101022,13-05-2024,Pune,40,M,Organic,0
C101023,04-02-2025,Hyderabad,18,M,Influencer,1
C101024,31-07-2025,Bengaluru,31,F,Referral,0
C101025,27-04-2024,Mumbai,25,M,Organic,0
C101026,21-10-2025,Mumbai,46,M,Influencer,1
C101027,23-08-2025,Delhi,28,F,Instagram Ads,1
C101028,02-10-2024,Hyderabad,36,M,Referral,0
C101029,14-04-2024,Mumbai,38,F,Organic,1
C101030,12-07-2025,Bengaluru,28,F,Offline Banner,0
C101031,11-09-2025,Mumbai,38,M,Instagram Ads,0
C101032,12-12-2024,Mumbai,39,F,Instagram Ads,0
C101033,16-02-2025,Bengaluru,37,Other,Instagram Ads,0
C101034,27-02-2025,Pune,26,F,Google Ads,1
C101035,03-09-2024,Delhi,19,M,Google Ads,0
C101036,07-08-2025,Mumbai,48,F,Referral,0
C101037,11-06-2024,Delhi,28,M,Influencer,0
C101038,05-04-2024,Delhi,39,M,Organic,0
C101039,26-06-2024,Bengaluru,27,F,Google Ads,0
C101040,11-09-2025,Delhi,47,M,Influencer,1
C101041,23-12-2024,Delhi,27,F,Organic,0
C101042,21-02-2025,Pune,31,M,Instagram Ads,1
C101043,16-08-2024,Bengaluru,49,F,Google Ads,0
C101044,20-03-2025,Delhi,18,M,Influencer,0
C101045,17-12-2024,Delhi,40,M,Organic,0
C101046,28-11-2025,Delhi,30,M,Referral,0
C101047,24-07-2024,Mumbai,,M,Instagram Ads,0
C101048,12-11-2024,Bengaluru,28,M,Influencer,0
C101049,03-08-2024,Bengaluru,44,M,Google Ads,1
C101050,25-10-2025,Delhi,24,F,Organic,1
C101051,31-07-2025,Bengaluru,31,M,Organic,0
C101052,16-11-2025,Mumbai,38,M,Google Ads,0
C101053,14-10-2025,Mumbai,24,M,Instagram Ads,0
C101054,01-11-2024,Pune,32,Other,Instagram Ads,0
C101055,16-09-2025,Mumbai,22,F,Google Ads,1
C101056,28-11-2024,Delhi,27,F,Instagram Ads,0
C101057,30-04-2024,Pune,51,M,Organic,1
C101058,30-10-2025,Delhi,41,M,Referral  ,0
C101059,15-04-2025,Mumbai,36,M,Referral,0
C101060,29-04-2025,Hyderabad,,F,Organic,0
C101061,10-06-2024,Hyderabad,18,M,Influencer,0
C101062,22-09-2025,Pune,29,F,Offline Banner,0
C101063,13-07-2025,Delhi,38,M,Instagram Ads,1
C101064,02-09-2025,Mumbai,,M,Referral,0
C101065,14-01-2025,Delhi,,M,Instagram Ads,0
C101066,14-08-2024,Bengaluru,22,M,Instagram Ads,0
C101067,30-04-2024,Mumbai,22,M,Organic,0
C101068,24-06-2024,Hyderabad,49,M,Referral,0
C101069,10-07-2025,Delhi,48,F,Organic,0
C101070,25-06-2025,Delhi,30,F,Google Ads  ,1
C101071,18-03-2025,Mumbai,24,M,Instagram Ads,0
C101072,17-06-2024,Chennai,23,M,Influencer,0
C101073,06-12-2025,Pune,34,F,Instagram Ads,0
C101074,10-02-2025,Chennai,46,M,Instagram Ads,0
C101075,05-07-2024,Mumbai,25,M,Google Ads,0
C101076,01-03-2025,Delhi,32,M,Offline Banner,1
C101077,17-10-2025,Mumbai,32,M,Google Ads,1
C101078,04-10-2025,Bengaluru,44,M,Referral,0
C101079,24-02-2025,Delhi,33,F,Organic,0
C101080,03-03-2024,Mumbai,19,F,Organic,0
C101081,07-12-2025,Delhi,37,M,Influencer,0
C101082,04-07-2025,Mumbai,32,M,Referral,0
C101083,20-08-2025,Delhi,24,M,Offline Banner,1
C101084,05-05-2025,Delhi,39,M,Influencer,0
C101085,17-10-2024,Mumbai,28,M,Google Ads,0
C101086,29-12-2025,Mumbai,33,M,Google Ads,1
C101087,14-08-2025,Bengaluru,32,F,Offline Banner,1
C101088,28-09-2025,Hyderabad,28,M,Organic  ,0
C101089,25-07-2025,Delhi,24,F,Organic,0
C101090,23-08-2024,Hyderabad,35,F,Organic,1
C101091,26-07-2024,Delhi,21,F,Referral,0
C101092,18-03-2025,Mumbai,38,F,Instagram Ads  ,1
C101093,08-09-2025,Bengaluru,24,M,Google Ads,0
C101094,17-12-2024,Chennai,21,M,Referral,0
C101095,16-04-2025,Bengaluru,42,F,Instagram Ads,0
C101096,17-08-2025,Delhi,31,M,Google Ads,0
C101097,03-09-2025,Bengaluru,18,Other,Organic,1
C101098,08-07-2025,Mumbai,30,M,Instagram Ads,1
C101099,21-05-2025,Mumbai,35,M,Instagram Ads,1
C101100,29-06-2025,Delhi,36,F,Influencer,0
C101101,23-11-2024,Bengaluru,24,M,Organic,1
C101102,02-04-2024,Delhi,25,M,Instagram Ads,1
C101103,17-07-2025,Hyderabad,32,F,Influencer,1
C101104,17-07-2025,Bengaluru,39,M,Organic,0
C101105,29-08-2025,Delhi,20,M,Google Ads,0
C101106,09-10-2024,Pune,20,M,Google Ads,0
C101107,21-12-2025,Bengaluru,41,M,Instagram Ads,0
C101108,17-12-2024,Mumbai,40,M,Influencer,0
C101109,16-06-2024,Delhi,23,M,Referral,0
C101110,20-12-2024,Bengaluru,,M,Referral,0
C101111,11-01-2025,Mumbai,47,Other,Influencer,0
C101112,10-07-2024,Pune,38,F,Instagram Ads,0
C101113,06-05-2025,Delhi,30,F,Instagram Ads,0
C101114,01-05-2025,Delhi,40,M,Instagram Ads,1
C101115,24-01-2025,Chennai,27,M,Instagram Ads,0
C101116,01-04-2025,Chennai,32,F,Organic,0
C101117,18-10-2024,Delhi,28,F,Organic,0
C101118,10-02-2025,Hyderabad,36,M,Instagram Ads,0
C101119,09-08-2025,Delhi,36,M,Instagram Ads,0
C101120,13-02-2025,Hyderabad,32,M,Instagram Ads,0
C101121,28-06-2025,Pune,35,M,Offline Banner,0
C101122,06-10-2025,Delhi,40,F,Organic,0
C101123,12-08-2025,Delhi,34,M,Referral,1
C101124,06-03-2024,Delhi,32,M,Google Ads,0
C101125,13-05-2025,Delhi,34,F,Google Ads,1
C101126,21-10-2025,Delhi,,M,Instagram Ads,0
C101127,11-05-2025,Pune,23,F,Offline Banner,0
C101128,12-06-2025,Mumbai,34,F,Organic,0
C101129,04-04-2025,Bengaluru,18,M,Organic,1
C101130,02-07-2025,Hyderabad,28,F,Referral,0
C101131,23-06-2025,Bengaluru,46,M,Referral,0
C101132,15-05-2025,Mumbai,24,M,Google Ads,0
C101133,21-12-2025,Delhi,18,F,Instagram Ads,1
C101134,28-09-2025,Bengaluru,23,F,Referral  ,0
C101135,22-01-2025,Delhi,36,F,Instagram Ads,1
C101136,04-07-2025,Hyderabad,29,F,Instagram Ads  ,0
C101137,31-10-2025,Delhi,22,M,Referral,0
C101138,18-09-2025,Bengaluru,40,F,Offline Banner,0
C101139,05-08-2025,Bengaluru,34,F,Offline Banner,0
C101140,13-10-2024,Bengaluru,21,M,Instagram Ads,0
C101141,08-03-2025,Mumbai,29,F,Instagram Ads,0
C101142,23-10-2024,Mumbai,48,M,Referral,1
C101143,03-07-2025,Pune,28,F,Influencer  ,0
C101144,28-03-2024,Delhi,18,F,Offline Banner,0
C101145,17-10-2024,Delhi,34,M,Influencer,1
C101146,06-05-2024,Bengaluru,,M,Organic,1
C101147,19-12-2024,Pune,41,M,Instagram Ads,0
C101148,05-02-2025,Mumbai,27,M,Instagram Ads,0
C101149,12-10-2024,Bengaluru,34,M,Instagram Ads,0
C101150,09-01-2025,Bengaluru,32,M,Organic,0
C101151,27-02-2025,Delhi,30,F,Instagram Ads,0
C101152,27-04-2025,Bengaluru,33,M,Organic  ,0
C101153,28-06-2025,Pune,35,M,Organic,0
C101154,12-03-2024,Chennai,35,M,Instagram Ads,1
C101155,05-11-2025,Delhi,38,F,Offline Banner,1
C101156,19-08-2024,Bengaluru,18,F,Referral,1
C101157,01-07-2025,Mumbai,19,M,Offline Banner,0
C101158,13-11-2024,Delhi,32,M,Offline Banner,1
C101159,02-09-2025,Bengaluru,31,Other,Instagram Ads,0
C101160,14-08-2025,Delhi,22,M,Google Ads,0
C101161,25-12-2025,Mumbai,28,F,Instagram Ads,1
C101162,24-06-2025,Mumbai,24,M,Organic,0
C101163,01-04-2024,Mumbai,35,M,Referral,0
C101164,14-01-2025,Bengaluru,23,F,Offline Banner,1
C101165,22-03-2025,Mumbai,32,F,Instagram Ads,1
C101166,12-12-2024,Bengaluru,39,F,Organic,0
C101167,13-08-2025,Delhi,24,F,Offline Banner,1
C101168,30-07-2024,Bengaluru,20,M,Organic,0
C101169,17-12-2025,Pune,24,M,Instagram Ads,0
C101170,10-04-2025,Delhi,24,M,Referral,0
C101171,24-06-2024,Bengaluru,31,M,Instagram Ads,1
C101172,15-08-2024,Bengaluru,18,F,Instagram Ads,1
C101173,24-06-2025,Bengaluru,43,M,Google Ads,0
C101174,03-07-2025,Mumbai,,M,Google Ads,1
C101175,29-07-2024,Bengaluru,20,M,Influencer,1
C101176,29-01-2025,Delhi,31,M,Google Ads,0
C101177,04-04-2025,Mumbai,30,M,Organic,1
C101178,22-06-2024,Bengaluru,41,M,Instagram Ads,1
C101179,19-02-2025,Delhi,28,M,Instagram Ads,0
C101180,31-05-2025,Bengaluru,28,F,Instagram Ads,0
C101181,30-11-2025,Bengaluru,36,F,Instagram Ads,0
C101182,17-03-2024,Hyderabad,38,M,Google Ads,0
C101183,25-01-2025,Delhi,,F,Organic,0
C101184,25-02-2025,Chennai,31,F,Offline Banner,0
C101185,28-10-2024,Bengaluru,48,M,Google Ads,1
C101186,30-12-2024,Mumbai,26,M,Instagram Ads,1
C101187,03-08-2024,Delhi,32,F,Instagram Ads,1
C101188,20-04-2025,Bengaluru,39,M,Influencer,1
C101189,08-01-2024,Pune,34,M,Organic,0
C101190,23-03-2025,Bengaluru,22,M,Influencer,0
C101191,18-03-2025,Bengaluru,30,F,Instagram Ads,0
C101192,09-01-2025,Mumbai,21,F,Instagram Ads,0
C101193,13-08-2025,Mumbai,22,F,Instagram Ads,0
C101194,10-06-2025,Mumbai,39,M,Influencer,0
C101195,18-03-2025,Hyderabad,37,M,Instagram Ads,0
C101196,14-12-2024,Mumbai,45,F,Organic,0
C101197,18-10-2024,Delhi,38,M,Referral,1
C101198,19-01-2025,Mumbai,29,M,Referral,0
C101199,08-08-2024,Pune,22,M,Instagram Ads,0
C101200,23-07-2024,Hyderabad,42,M,Organic,0
C101201,29-05-2025,Mumbai,36,F,Instagram Ads,0
C101202,23-11-2025,Pune,37,F,Offline Banner,1
C101203,10-04-2024,Delhi,35,M,Instagram Ads,0
C101204,16-08-2025,Delhi,40,F,Instagram Ads,0
C101205,06-03-2025,Delhi,18,F,Google Ads,0
C101206,26-12-2025,Delhi,21,F,Influencer,0
C101207,29-08-2024,Delhi,24,F,Google Ads  ,0
C101208,03-04-2025,Bengaluru,33,M,Referral,0
C101209,21-10-2024,Bengaluru,27,F,Instagram Ads,1
C101210,06-12-2025,Bengaluru,40,M,Instagram Ads,0
C101211,21-12-2024,Hyderabad,30,M,Organic,0
C101212,06-11-2025,Hyderabad,49,M,Instagram Ads,1
C101213,12-05-2024,Delhi,44,M,Organic,0
C101214,02-04-2025,Bengaluru,32,F,Influencer,0
C101215,22-04-2025,Bengaluru,20,F,Influencer,0
C101216,18-08-2025,Chennai,36,F,Instagram Ads,0
C101217,21-11-2025,Delhi,22,F,Referral,1
C101218,17-05-2025,Delhi,23,M,Offline Banner,1
C101219,19-04-2024,Bengaluru,27,M,Organic,0
C101220,14-10-2024,Hyderabad,27,F,Instagram Ads,1
C101221,09-06-2024,Mumbai,35,F,Referral,0
C101222,09-12-2025,Bengaluru,33,F,Offline Banner,0
C101223,03-09-2025,Delhi,22,M,Referral,1
C101224,19-12-2024,Chennai,28,F,Influencer,0
C101225,15-05-2025,Delhi,20,F,Referral,1
C101226,03-07-2025,Delhi,34,M,Instagram Ads,0
C101227,20-07-2025,Delhi,18,F,Instagram Ads,0
C101228,30-08-2025,Mumbai,29,M,Instagram Ads  ,1
C101229,06-10-2025,Delhi,25,M,Instagram Ads,1
C101230,24-07-2024,Hyderabad,35,F,Influencer,0
C101231,01-03-2025,Pune,24,F,Organic,0
C101232,09-07-2025,Mumbai,24,F,Organic,0
C101233,12-10-2025,Bengaluru,34,F,Organic,1
C101234,27-09-2025,Delhi,34,M,Google Ads,1
C101235,15-10-2024,Mumbai,,M,Instagram Ads,0
C101236,25-07-2024,Mumbai,35,M,Offline Banner,1
C101237,11-02-2025,Delhi,50,F,Referral  ,1
C101238,04-07-2025,Bengaluru,27,F,Referral,0
C101239,06-11-2025,Delhi,21,F,Offline Banner,0
C101240,03-08-2024,Pune,31,F,Google Ads,0
C101241,24-03-2024,Bengaluru,19,F,Influencer,0
C101242,08-08-2024,Hyderabad,28,F,Influencer,0
C101243,23-03-2024,Chennai,26,F,Instagram Ads,1
C101244,25-07-2025,Chennai,36,F,Instagram Ads,0
C101245,18-07-2025,Bengaluru,18,M,Offline Banner,0
C101246,07-10-2025,Bengaluru,18,M,Google Ads,0
C101247,12-08-2024,Mumbai,34,M,Instagram Ads,0
C101248,09-10-2025,Hyderabad,35,F,Referral,1
C101249,23-08-2024,Bengaluru,18,F,Organic,0
C101250,01-09-2025,Chennai,43,M,Organic,0
C101251,25-07-2025,Delhi,38,F,Offline Banner,0
C101252,10-09-2025,Mumbai,25,F,Offline Banner,1
C101253,18-11-2025,Mumbai,31,M,Offline Banner  ,1
C101254,03-05-2025,Pune,18,F,Instagram Ads,1
C101255,24-05-2025,Delhi,36,F,Organic,0
C101256,18-10-2025,Mumbai,24,M,Instagram Ads,1
C101257,07-06-2025,Mumbai,28,M,Instagram Ads,0
C101258,20-04-2025,Delhi,30,M,Influencer,0
C101259,29-06-2024,Mumbai,40,F,Google Ads,0
C101260,23-05-2025,Bengaluru,34,M,Offline Banner,0
C101261,22-09-2024,Delhi,28,F,Instagram Ads,0
C101262,03-06-2024,Bengaluru,26,F,Influencer,0
C101263,09-05-2024,Chennai,32,M,Instagram Ads,0
C101264,03-03-2025,Chennai,30,F,Instagram Ads,1
C101265,29-05-2024,Bengaluru,29,Other,Referral,0
C101266,28-09-2025,Bengaluru,31,M,Google Ads,1
C101267,23-09-2025,Mumbai,28,F,Referral,0
C101268,26-10-2025,Chennai,18,F,Offline Banner,0
C101269,11-06-2024,Mumbai,30,M,Organic,0
C101270,23-04-2024,Mumbai,30,M,Google Ads,0
C101271,09-05-2024,Delhi,32,M,Instagram Ads,1
C101272,17-12-2024,Mumbai,22,F,Google Ads,1
C101273,30-06-2024,Delhi,24,M,Referral,0
C101274,18-10-2025,Hyderabad,44,M,Organic,0
C101275,13-04-2025,Bengaluru,25,M,Google Ads,0
C101276,10-10-2024,Bengaluru,35,M,Organic,0
C101277,31-07-2025,Mumbai,24,F,Instagram Ads,1
C101278,25-09-2024,Pune,18,F,Referral,0
C101279,12-01-2025,Delhi,30,M,Organic,0
C101280,27-03-2025,Mumbai,35,M,Instagram Ads,0
C101281,21-08-2025,Bengaluru,28,F,Influencer,0
C101282,14-06-2025,Pune,18,F,Organic,1
C101283,21-08-2024,Delhi,,F,Organic,0
C101284,23-12-2025,Bengaluru,40,M,Referral,0
C101285,27-09-2025,Bengaluru,30,F,Offline Banner,1
C101286,14-08-2025,Pune,35,M,Organic,0
C101287,30-06-2025,Delhi,32,F,Google Ads,0
C101288,16-04-2025,Mumbai,21,M,Instagram Ads,0
C101289,17-11-2024,Delhi,28,F,Instagram Ads,1
C101290,17-10-2025,Delhi,18,M,Instagram Ads,1
C101291,03-09-2025,Delhi,38,M,Offline Banner,1
C101292,18-05-2025,Chennai,33,M,Google Ads,0
C101293,08-11-2024,Delhi,36,M,Influencer  ,0
C101294,10-08-2024,Chennai,,M,Instagram Ads,0
C101295,24-04-2025,Delhi,28,M,Google Ads,1
C101296,22-08-2024,Chennai,25,M,Offline Banner,0
C101297,02-04-2025,Bengaluru,30,M,Instagram Ads,0
C101298,18-06-2025,Delhi,41,F,Referral,1
C101299,14-09-2024,Bengaluru,,F,Offline Banner,0
C101300,20-03-2025,Mumbai,31,M,Offline Banner,0
C101301,12-11-2025,Mumbai,37,M,Influencer,1
C101302,27-03-2024,Mumbai,33,M,Influencer,1
C101303,25-01-2025,Mumbai,39,M,Organic,0
C101304,25-12-2025,Bengaluru,18,M,Instagram Ads,0
C101305,16-06-2025,Hyderabad,39,M,Organic,0
C101306,25-11-2025,Mumbai,26,F,Offline Banner,0
C101307,09-10-2025,Chennai,18,F,Referral,0
C101308,12-10-2025,Chennai,28,M,Google Ads,1
C101309,26-06-2025,Delhi,24,F,Referral,0
C101310,01-08-2025,Delhi,29,M,Organic,1
C101311,07-11-2024,Mumbai,18,M,Instagram Ads,0
C101312,06-02-2025,Bengaluru,30,F,Organic  ,0
C101313,10-03-2025,Mumbai,26,M,Referral,0
C101314,04-06-2024,Delhi,46,F,Organic,0
C101315,28-08-2025,Bengaluru,32,M,Google Ads,0
C101316,25-05-2025,Bengaluru,32,F,Instagram Ads,1
C101317,13-12-2024,Delhi,29,M,Organic,0
C101318,28-12-2025,Pune,,F,Referral,1
C101319,06-05-2025,Bengaluru,34,M,Google Ads,0
C101320,07-03-2025,Mumbai,43,M,Google Ads,1
C101321,25-11-2024,Hyderabad,39,F,Google Ads,0
C101322,20-09-2025,Delhi,27,F,Referral,1
C101323,24-11-2024,Mumbai,36,F,Offline Banner,1
C101324,25-07-2025,Delhi,37,M,Organic,1
C101325,13-07-2025,Delhi,38,M,Influencer,1
C101326,03-08-2025,Mumbai,34,M,Referral,0
C101327,08-07-2024,Delhi,20,M,Referral,0
C101328,06-01-2025,Bengaluru,30,F,Instagram Ads,0
C101329,13-08-2024,Bengaluru,31,F,Organic,0
C101330,29-04-2024,Delhi,31,F,Google Ads,0
C101331,21-08-2025,Delhi,40,M,Organic,0
C101332,22-09-2024,Hyderabad,25,M,Google Ads,0
C101333,20-03-2025,Delhi,32,F,Instagram Ads,0
C101334,16-12-2024,Mumbai,30,F,Instagram Ads,0
C101335,11-09-2025,Bengaluru,36,F,Influencer,0
C101336,23-06-2024,Pune,45,F,Google Ads,0
C101337,06-07-2024,Pune,35,F,Google Ads,0
C101338,27-02-2025,Hyderabad,35,M,Offline Banner,1
C101339,04-08-2025,Delhi,22,F,Organic,0
C101340,19-08-2025,Hyderabad,18,M,Instagram Ads,0
C101341,30-08-2024,Delhi,33,F,Instagram Ads,0
C101342,26-09-2025,Delhi,29,F,Google Ads,0
C101343,10-06-2025,Bengaluru,34,M,Referral,0
C101344,29-03-2025,Bengaluru,26,F,Organic,0
C101345,01-07-2024,Delhi,42,M,Google Ads,0
C101346,15-05-2025,Delhi,21,M,Influencer,1
C101347,21-06-2024,Hyderabad,29,M,Instagram Ads  ,0
C101348,01-07-2025,Pune,27,M,Instagram Ads,0
C101349,24-07-2024,Bengaluru,39,M,Offline Banner,0
C101350,26-06-2025,Mumbai,29,M,Instagram Ads,0
C101351,31-08-2025,Pune,26,M,Influencer,0
C101352,25-04-2025,Hyderabad,31,M,Organic,0
C101353,25-11-2025,Bengaluru,24,M,Instagram Ads,1
C101354,23-01-2024,Mumbai,,F,Referral,0
C101355,30-10-2025,Delhi,29,F,Referral,0
C101356,20-04-2025,Mumbai,54,F,Offline Banner,1
C101357,15-08-2025,Mumbai,27,M,Google Ads,0
C101358,20-10-2025,Mumbai,30,F,Referral,0
C101359,17-02-2025,Bengaluru,32,M,Instagram Ads,0
C101360,29-04-2025,Delhi,33,M,Organic,1
C101361,26-11-2025,Pune,39,M,Instagram Ads,1
C101362,26-12-2024,Delhi,46,M,Instagram Ads,0
C101363,07-06-2025,Bengaluru,24,M,Offline Banner,0
C101364,16-07-2025,Hyderabad,34,F,Google Ads,0
C101365,02-10-2025,Bengaluru,29,F,Instagram Ads,1
C101366,26-03-2024,Mumbai,33,F,Organic,0
C101367,31-03-2024,Mumbai,39,F,Influencer,1
C101368,27-11-2024,Pune,44,F,Instagram Ads,1
C101369,13-02-2025,Chennai,37,M,Instagram Ads,0
C101370,24-02-2025,Bengaluru,33,F,Instagram Ads,1
C101371,08-09-2024,Hyderabad,,F,Instagram Ads,0
C101372,10-03-2024,Delhi,24,M,Organic,0
C101373,29-12-2025,Pune,25,F,Referral,0
C101374,21-11-2024,Chennai,32,M,Organic,0
C101375,10-11-2025,Bengaluru,40,F,Referral,0
C101376,05-10-2024,Hyderabad,28,F,Influencer,0
C101377,04-04-2025,Bengaluru,29,F,Referral,0
C101378,20-07-2024,Mumbai,18,F,Offline Banner,0
C101379,07-12-2025,Pune,50,F,Referral,1
C101380,09-11-2024,Bengaluru,29,M,Influencer,1
C101381,16-10-2024,Bengaluru,18,M,Google Ads,0
C101382,10-09-2024,Bengaluru,32,M,Google Ads,0
C101383,12-09-2024,Pune,34,F,Influencer,0
C101384,19-08-2025,Hyderabad,29,M,Instagram Ads,0
C101385,27-02-2024,Delhi,23,F,Referral,0
C101386,19-11-2025,Mumbai,38,M,Organic,0
C101387,07-11-2024,Chennai,37,F,Organic,0
C101388,15-05-2025,Bengaluru,35,M,Referral  ,1
C101389,20-04-2025,Chennai,24,M,Referral,0
C101390,04-09-2024,Pune,26,M,Google Ads,0
C101391,14-11-2025,Bengaluru,28,F,Offline Banner,1
C101392,02-11-2025,Mumbai,27,M,Google Ads,0
C101393,16-03-2025,Mumbai,36,F,Influencer,0
C101394,15-05-2025,Bengaluru,27,M,Instagram Ads,1
C101395,03-03-2025,Mumbai,23,F,Instagram Ads,0
C101396,04-02-2025,Hyderabad,34,F,Google Ads,1
C101397,12-03-2025,Hyderabad,50,F,Organic  ,1
C101398,03-10-2025,Mumbai,,M,Google Ads,0
C101399,04-07-2024,Hyderabad,25,F,Instagram Ads,0
C101400,21-02-2025,Bengaluru,,M,Instagram Ads,1
C101401,13-05-2024,Mumbai,37,M,Google Ads,1
C101402,25-05-2025,Mumbai,35,M,Instagram Ads,0
C101403,06-05-2025,Pune,30,M,Instagram Ads,0
C101404,24-09-2024,Mumbai,27,F,Organic,0
C101405,08-07-2025,Mumbai,47,F,Google Ads,1
C101406,07-08-2025,Mumbai,,M,Google Ads,0
C101407,03-12-2024,Delhi,44,M,Offline Banner,0
C101408,18-08-2025,Bengaluru,36,M,Referral  ,0
C101409,30-03-2024,Delhi,30,M,Offline Banner,0
C101410,04-08-2024,Pune,34,M,Google Ads,1
C101411,23-12-2024,Delhi,45,M,Google Ads,1
C101412,24-12-2024,Bengaluru,35,F,Google Ads,0
C101413,16-06-2024,Delhi,18,F,Referral,0
C101414,18-06-2024,Chennai,42,M,Referral,0
C101415,11-12-2024,Mumbai,42,F,Google Ads,0
C101416,05-10-2025,Pune,40,M,Influencer,0
C101417,15-10-2025,Hyderabad,20,F,Referral,0
C101418,23-02-2025,Hyderabad,34,M,Instagram Ads,0
C101419,06-08-2025,Pune,39,F,Referral,0
C101420,13-09-2025,Delhi,31,M,Influencer,0
C101421,20-06-2024,Bengaluru,34,F,Google Ads  ,0
C101422,16-11-2025,Mumbai,35,M,Instagram Ads,0
C101423,04-11-2025,Hyderabad,24,M,Influencer  ,0
C101424,22-08-2025,Chennai,34,F,Offline Banner,0
C101425,14-06-2024,Pune,23,F,Instagram Ads,1
C101426,09-11-2024,Delhi,30,M,Offline Banner,1
C101427,18-10-2025,Mumbai,26,M,Google Ads,0
C101428,01-07-2025,Mumbai,38,M,Offline Banner,0
C101429,12-10-2025,Delhi,36,M,Organic,0
C101430,30-08-2025,Delhi,35,M,Influencer,0
C101431,01-12-2024,Mumbai,33,M,Influencer,1
C101432,08-10-2025,Chennai,34,F,Instagram Ads  ,0
C101433,21-11-2025,Bengaluru,47,M,Instagram Ads,0
C101434,08-12-2025,Bengaluru,41,F,Referral,1
C101435,28-12-2024,Mumbai,23,F,Instagram Ads,1
C101436,25-10-2024,Bengaluru,26,F,Referral,0
C101437,01-09-2025,Chennai,29,M,Offline Banner,0
C101438,12-12-2025,Bengaluru,29,F,Google Ads,0
C101439,05-10-2024,Delhi,24,F,Referral,1
C101440,02-08-2025,Bengaluru,35,M,Google Ads,0
C101441,05-04-2025,Chennai,30,F,Organic,0
C101442,26-10-2025,Mumbai,32,M,Instagram Ads,0
C101443,04-12-2024,Bengaluru,18,F,Google Ads,0
C101444,23-10-2025,Delhi,18,M,Influencer,0
C101445,06-04-2025,Delhi,26,F,Influencer,1
C101446,03-11-2025,Pune,35,F,Influencer,1
C101447,02-07-2025,Mumbai,34,M,Organic,1
C101448,25-11-2024,Mumbai,39,F,Referral,0
C101449,18-12-2025,Mumbai,25,F,Organic,0
C101450,26-10-2024,Chennai,36,M,Google Ads,0
C101451,09-03-2025,Delhi,43,F,Instagram Ads,0
C101452,24-09-2024,Pune,38,M,Google Ads,0
C101453,16-07-2024,Mumbai,20,F,Instagram Ads,1
C101454,15-06-2024,Pune,39,F,Google Ads  ,0
C101455,28-12-2025,Chennai,33,M,Google Ads,1
C101456,18-04-2025,Mumbai,34,M,Referral,0
C101457,17-10-2024,Delhi,50,M,Google Ads,0
C101458,05-12-2024,Delhi,32,F,Organic,1
C101459,05-03-2025,Hyderabad,36,M,Referral,1
C101460,18-11-2025,Delhi,31,M,Offline Banner,0
C101461,03-06-2024,Mumbai,29,M,Instagram Ads,0
C101462,27-09-2024,Delhi,33,M,Organic,0
C101463,25-01-2025,Mumbai,27,M,Organic,1
C101464,08-09-2025,Delhi,32,M,Offline Banner,0
C101465,10-04-2024,Pune,28,F,Google Ads,0
C101466,07-07-2025,Pune,18,F,Google Ads,0
C101467,10-12-2025,Mumbai,27,F,Instagram Ads,1
C101468,25-02-2024,Bengaluru,38,F,Google Ads,0
C101469,21-11-2025,Bengaluru,35,M,Referral,0
C101470,25-12-2025,Hyderabad,29,F,Influencer,0
C101471,11-02-2025,Bengaluru,31,M,Google Ads,0
C101472,30-11-2025,Bengaluru,24,M,Instagram Ads,0
C101473,06-10-2025,Bengaluru,25,M,Google Ads,1
C101474,09-06-2025,Hyderabad,31,M,Instagram Ads,1
C101475,12-09-2025,Mumbai,29,M,Offline Banner,0
C101476,03-05-2024,Mumbai,24,F,Influencer,0
C101477,07-10-2024,Mumbai,30,F,Google Ads,0
C101478,20-08-2025,Bengaluru,22,F,Google Ads,1
C101479,21-04-2024,Mumbai,43,M,Offline Banner,1
C101480,07-10-2024,Bengaluru,38,F,Instagram Ads,0
C101481,17-10-2024,Mumbai,18,F,Organic  ,0
C101482,30-08-2025,Pune,37,M,Offline Banner,0
C101483,11-10-2025,Delhi,28,M,Referral,0
C101484,09-08-2025,Bengaluru,26,M,Instagram Ads,0
C101485,26-02-2024,Bengaluru,37,M,Instagram Ads,0
C101486,30-01-2025,Mumbai,29,F,Offline Banner  ,0
C101487,25-02-2025,Mumbai,27,F,Instagram Ads,0
C101488,26-06-2025,Pune,20,M,Google Ads,0
C101489,16-01-2025,Mumbai,38,F,Influencer,0
C101490,17-05-2025,Pune,39,F,Influencer,1
C101491,08-07-2024,Pune,32,F,Referral,0
C101492,22-07-2024,Bengaluru,21,M,Instagram Ads,0
C101493,07-04-2025,Hyderabad,,M,Referral,0
C101494,03-02-2025,Bengaluru,36,M,Google Ads  ,0
C101495,11-08-2024,Bengaluru,,F,Google Ads,1
C101496,18-11-2025,Chennai,38,F,Influencer,0
C101497,16-08-2025,Mumbai,32,M,Instagram Ads,0
C101498,20-10-2024,Delhi,33,M,Instagram Ads,0
C101499,12-08-2025,Mumbai,42,F,Google Ads,0
C101500,17-11-2024,Bengaluru,27,M,Referral,0
C101501,08-02-2025,Delhi,18,M,Organic,0
C101502,03-10-2025,Pune,29,M,Influencer,0
C101503,22-06-2025,Mumbai,26,M,Organic,0
C101504,26-01-2025,Pune,19,M,Organic,0
C101505,19-08-2024,Delhi,35,M,Organic,0
C101506,30-05-2025,Mumbai,31,F,Google Ads,0
C101507,05-12-2024,Delhi,18,F,Google Ads,0
C101508,15-02-2025,Delhi,43,M,Organic,0
C101509,29-11-2025,Bengaluru,25,M,Instagram Ads  ,0
C101510,26-06-2024,Chennai,26,M,Google Ads,0
C101511,12-11-2024,Mumbai,,M,Google Ads,0
C101512,18-11-2025,Bengaluru,34,F,Referral,1
C101513,13-11-2024,Mumbai,39,M,Referral,0
C101514,14-08-2024,Delhi,18,M,Organic,1
C101515,06-12-2024,Bengaluru,28,F,Referral,0
C101516,14-10-2025,Delhi,32,F,Offline Banner,1
C101517,25-04-2025,Pune,41,M,Google Ads,0
C101518,02-11-2024,Hyderabad,24,M,Referral,1
C101519,27-05-2025,Mumbai,28,M,Instagram Ads,1
C101520,26-10-2025,Bengaluru,32,M,Google Ads  ,1
C101521,07-01-2025,Delhi,37,M,Influencer,1
C101522,14-09-2024,Hyderabad,22,F,Google Ads,0
C101523,11-07-2025,Pune,37,M,Google Ads,0
C101524,26-01-2025,Pune,26,F,Referral  ,1
C101525,17-09-2024,Mumbai,34,F,Instagram Ads,0
C101526,23-10-2024,Mumbai,29,M,Referral,0
C101527,07-10-2024,Bengaluru,33,M,Google Ads,0
C101528,14-07-2025,Chennai,,F,Google Ads,0
C101529,11-05-2025,Chennai,41,M,Influencer,0
C101530,09-12-2025,Mumbai,29,M,Organic  ,1
C101531,21-09-2025,Hyderabad,28,M,Referral,1
C101532,06-09-2024,Chennai,39,F,Referral,0
C101533,11-07-2024,Mumbai,42,M,Organic,0
C101534,24-07-2024,Pune,27,M,Organic,0
C101535,24-12-2024,Mumbai,36,F,Instagram Ads,0
C101536,20-09-2025,Mumbai,24,F,Google Ads,1
C101537,21-12-2025,Delhi,36,F,Google Ads,0
C101538,26-04-2025,Bengaluru,38,F,Instagram Ads,0
C101539,08-09-2024,Pune,28,M,Instagram Ads,0
C101540,31-07-2025,Bengaluru,39,Other,Instagram Ads,0
C101541,11-09-2025,Delhi,28,M,Influencer,0
C101542,23-11-2025,Delhi,31,F,Referral,0
C101543,05-03-2025,Bengaluru,34,M,Google Ads,1
C101544,14-02-2024,Bengaluru,23,F,Organic,0
C101545,11-03-2024,Bengaluru,20,F,Organic,0
C101546,25-09-2024,Delhi,33,F,Google Ads,1
C101547,26-12-2024,Hyderabad,25,F,Referral  ,1
C101548,31-10-2025,Pune,21,F,Instagram Ads,1
C101549,09-09-2024,Bengaluru,37,M,Referral,1
C101550,23-10-2025,Hyderabad,43,M,Google Ads,0
C101551,04-07-2025,Chennai,37,F,Google Ads,1
C101552,27-11-2024,Bengaluru,21,F,Google Ads,0
C101553,30-07-2025,Bengaluru,32,M,Organic,0
C101554,09-06-2025,Hyderabad,28,M,Referral,0
C101555,08-10-2025,Mumbai,24,F,Google Ads,1
C101556,13-05-2025,Bengaluru,31,M,Instagram Ads,0
C101557,13-07-2025,Pune,30,F,Organic,0
C101558,29-05-2024,Mumbai,29,M,Influencer,0
C101559,26-09-2025,Pune,38,F,Organic,0
C101560,01-05-2025,Bengaluru,41,F,Offline Banner,0
C101561,20-08-2025,Mumbai,28,M,Instagram Ads,0
C101562,09-11-2024,Bengaluru,29,M,Instagram Ads,0
C101563,17-10-2025,Mumbai,29,F,Referral,1
C101564,24-07-2025,Pune,35,M,Instagram Ads,0
C101565,08-05-2025,Bengaluru,33,F,Instagram Ads,1
C101566,22-09-2024,Pune,25,M,Google Ads,0
C101567,17-01-2025,Bengaluru,29,F,Google Ads,0
C101568,07-07-2025,Bengaluru,19,F,Google Ads,1
C101569,21-05-2025,Chennai,18,M,Offline Banner,1
C101570,02-01-2025,Delhi,21,Other,Instagram Ads,0
C101571,25-03-2024,Hyderabad,28,M,Instagram Ads,1
C101572,20-08-2024,Delhi,35,F,Instagram Ads,0
C101573,06-10-2025,Pune,24,M,Influencer,0
C101574,15-09-2024,Bengaluru,29,M,Organic,0
C101575,09-10-2025,Chennai,32,F,Instagram Ads,0
C101576,24-12-2025,Pune,43,M,Instagram Ads,0
C101577,10-03-2025,Delhi,31,M,Organic,0
C101578,14-09-2025,Delhi,31,M,Google Ads,0
C101579,23-06-2025,Bengaluru,26,F,Offline Banner,1
C101580,20-07-2025,Bengaluru,45,M,Referral,0
C101581,06-11-2025,Delhi,37,M,Instagram Ads  ,0
C101582,10-01-2025,Delhi,22,F,Influencer,1
C101583,04-08-2025,Bengaluru,42,M,Google Ads,0
C101584,20-04-2024,Delhi,36,M,Google Ads,0
C101585,21-11-2025,Pune,32,F,Google Ads,1
C101586,20-09-2024,Pune,36,F,Organic,0
C101587,23-05-2024,Hyderabad,40,M,Instagram Ads,0
C101588,01-02-2024,Delhi,24,F,Google Ads,0
C101589,09-11-2025,Delhi,27,M,Instagram Ads,1
C101590,14-09-2025,Bengaluru,30,F,Influencer,1
C101591,24-02-2025,Chennai,21,M,Google Ads,0
C101592,28-10-2025,Mumbai,36,M,Google Ads,0
C101593,08-04-2024,Mumbai,28,M,Referral,0
C101594,24-02-2025,Delhi,27,F,Organic  ,0
C101595,09-05-2025,Bengaluru,25,M,Influencer,0
C101596,17-05-2025,Bengaluru,30,F,Google Ads,1
C101597,05-11-2024,Delhi,32,F,Influencer,1
C101598,19-11-2025,Mumbai,38,Other,Referral,0
C101599,13-09-2024,Bengaluru,39,M,Instagram Ads  ,1
C101600,08-12-2025,Bengaluru,21,F,Influencer,0
C101601,13-10-2025,Bengaluru,34,M,Referral,1
C101602,15-08-2025,Pune,40,M,Organic  ,0
C101603,09-03-2024,Hyderabad,29,M,Offline Banner,0
C101604,08-10-2024,Bengaluru,29,M,Referral  ,0
C101605,14-09-2024,Pune,27,F,Instagram Ads,0
C101606,07-08-2025,Pune,35,F,Influencer,1
C101607,25-09-2025,Mumbai,33,M,Google Ads,1
C101608,17-10-2024,Delhi,38,M,Referral,0
C101609,11-07-2025,Pune,30,F,Instagram Ads,1
C101610,08-05-2025,Delhi,41,M,Google Ads,0
C101611,12-05-2024,Chennai,35,F,Organic,1
C101612,02-05-2024,Delhi,40,F,Google Ads  ,0
C101613,01-07-2024,Chennai,26,M,Organic,0
C101614,16-10-2024,Bengaluru,43,F,Influencer,1
C101615,26-12-2024,Hyderabad,26,F,Google Ads,0
C101616,19-03-2025,Mumbai,26,F,Referral,1
C101617,11-08-2025,Chennai,27,M,Organic,0
C101618,01-11-2025,Delhi,26,F,Organic  ,1
C101619,14-08-2025,Mumbai,46,M,Referral,0
C101620,11-09-2025,Delhi,35,F,Google Ads,0
C101621,29-11-2025,Chennai,34,F,Google Ads,0
C101622,02-09-2024,Mumbai,18,M,Google Ads,0
C101623,09-02-2025,Bengaluru,41,F,Google Ads,0
C101624,13-07-2024,Hyderabad,22,M,Organic,0
C101625,30-05-2025,Pune,30,M,Instagram Ads,1
C101626,07-11-2025,Bengaluru,25,M,Offline Banner,0
C101627,31-01-2025,Bengaluru,32,M,Organic,0
C101628,08-10-2025,Hyderabad,43,M,Google Ads,1
C101629,08-08-2024,Hyderabad,23,M,Instagram Ads,1
C101630,01-02-2025,Delhi,25,M,Organic,0
C101631,28-11-2025,Delhi,32,M,Organic,0
C101632,24-10-2024,Delhi,43,M,Offline Banner,0
C101633,13-03-2024,Mumbai,27,M,Google Ads,0
C101634,30-10-2024,Bengaluru,25,F,Instagram Ads,0
C101635,25-08-2025,Bengaluru,32,M,Offline Banner,1
C101636,15-07-2024,Chennai,31,F,Google Ads,0
C101637,04-08-2025,Mumbai,22,M,Organic,0
C101638,06-08-2025,Hyderabad,27,F,Instagram Ads,0
C101639,24-02-2025,Bengaluru,18,F,Organic,0
C101640,28-06-2025,Delhi,,M,Instagram Ads,1
C101641,21-05-2025,Bengaluru,21,M,Organic,1
C101642,30-06-2024,Chennai,50,F,Referral,0
C101643,10-08-2025,Delhi,35,M,Offline Banner,0
C101644,07-05-2025,Bengaluru,33,M,Instagram Ads,0
C101645,25-01-2025,Delhi,35,F,Google Ads,0
C101646,26-03-2024,Mumbai,27,F,Instagram Ads,0
C101647,27-04-2024,Bengaluru,29,M,Influencer,1
C101648,15-03-2025,Pune,35,F,Referral,0
C101649,14-02-2025,Hyderabad,23,F,Referral,1
C101650,26-08-2025,Mumbai,36,M,Instagram Ads,0
C101651,09-10-2025,Pune,47,M,Referral,0
C101652,18-06-2025,Mumbai,19,F,Google Ads,0
C101653,08-08-2025,Hyderabad,35,M,Google Ads,1
C101654,08-10-2025,Mumbai,24,F,Organic  ,0
C101655,08-01-2025,Pune,36,M,Instagram Ads,0
C101656,03-05-2025,Hyderabad,,M,Organic,0
C101657,05-01-2025,Pune,46,M,Influencer,0
C101658,09-11-2024,Delhi,44,F,Offline Banner,0
C101659,01-04-2025,Bengaluru,19,F,Organic,0
C101660,09-02-2025,Hyderabad,37,F,Google Ads,1
C101661,13-09-2024,Hyderabad,36,F,Organic,0
C101662,26-10-2025,Bengaluru,40,M,Instagram Ads,1
C101663,01-10-2025,Delhi,34,F,Instagram Ads,1
C101664,06-05-2025,Mumbai,35,M,Organic,0
C101665,24-04-2024,Mumbai,22,F,Influencer,0
C101666,08-11-2025,Pune,34,F,Instagram Ads,0
C101667,07-09-2025,Pune,29,M,Instagram Ads,0
C101668,05-07-2025,Delhi,36,F,Referral,0
C101669,03-05-2025,Chennai,30,F,Instagram Ads,1
C101670,05-11-2024,Delhi,34,M,Organic,0
C101671,20-04-2025,Mumbai,35,F,Instagram Ads,0
C101672,25-05-2025,Delhi,36,F,Instagram Ads,0
C101673,12-02-2025,Pune,25,F,Referral,1
C101674,28-09-2024,Hyderabad,50,M,Influencer,0
C101675,01-09-2024,Mumbai,33,M,Organic,0
C101676,13-02-2024,Hyderabad,36,Other,Influencer,0
C101677,30-09-2024,Delhi,31,F,Google Ads,0
C101678,03-02-2025,Mumbai,22,F,Influencer,1
C101679,27-04-2024,Mumbai,37,M,Google Ads,0
C101680,11-09-2024,Delhi,33,M,Influencer,0
C101681,21-01-2025,Pune,38,F,Referral,0
C101682,22-09-2025,Bengaluru,25,M,Google Ads,1
C101683,15-10-2024,Mumbai,28,Other,Google Ads,0
C101684,22-12-2025,Delhi,33,M,Referral,0
C101685,10-03-2024,Delhi,31,M,Instagram Ads,1
C101686,26-07-2025,Mumbai,28,M,Offline Banner,0
C101687,01-11-2024,Bengaluru,33,M,Google Ads,0
C101688,08-12-2025,Mumbai,42,F,Google Ads,0
C101689,28-12-2025,Hyderabad,34,F,Instagram Ads,0
C101690,30-09-2024,Mumbai,40,M,Instagram Ads,0
C101691,19-11-2024,Mumbai,29,M,Organic,1
C101692,03-02-2025,Chennai,31,F,Referral,0
C101693,19-12-2025,Mumbai,32,F,Influencer,0
C101694,04-04-2025,Mumbai,27,M,Instagram Ads,0
C101695,21-03-2025,Mumbai,33,M,Offline Banner,1
C101696,21-10-2025,Delhi,43,M,Google Ads,0
C101697,21-10-2024,Delhi,44,F,Offline Banner,0
C101698,04-10-2025,Mumbai,42,M,Instagram Ads,1
C101699,16-12-2025,Pune,33,F,Organic  ,1
C101700,19-08-2024,Hyderabad,25,M,Referral,0
C101701,06-10-2024,Hyderabad,50,F,Google Ads,0
C101702,22-03-2025,Mumbai,26,M,Instagram Ads,0
C101703,13-03-2025,Bengaluru,43,M,Organic,0
C101704,22-08-2025,Mumbai,33,F,Instagram Ads,0
C101705,10-11-2024,Delhi,22,F,Referral,0
C101706,02-08-2025,Mumbai,19,M,Organic,0
C101707,28-08-2025,Bengaluru,42,F,Organic,0
C101708,10-11-2024,Delhi,26,F,Offline Banner,1
C101709,15-10-2025,Delhi,20,M,Google Ads,1
C101710,04-11-2024,Mumbai,28,F,Google Ads,0
C101711,17-11-2025,Mumbai,30,F,Google Ads,0
C101712,02-08-2025,Mumbai,33,F,Organic,1
C101713,05-12-2025,Delhi,33,F,Offline Banner,0
C101714,15-08-2025,Delhi,25,F,Offline Banner,0
C101715,24-07-2024,Mumbai,31,M,Offline Banner,1
C101716,18-03-2025,Delhi,44,F,Influencer,0
C101717,17-03-2025,Mumbai,22,F,Offline Banner  ,0
C101718,24-05-2024,Delhi,34,F,Google Ads,1
C101719,15-11-2025,Hyderabad,22,M,Offline Banner,0
C101720,12-08-2025,Mumbai,27,F,Organic,0
C101721,24-10-2025,Mumbai,40,M,Instagram Ads,1
C101722,09-08-2025,Delhi,18,F,Instagram Ads,0
C101723,21-03-2025,Delhi,47,M,Instagram Ads,0
C101724,30-08-2025,Delhi,20,F,Organic,1
C101725,11-11-2024,Chennai,18,M,Organic,0
C101726,13-04-2025,Pune,31,F,Instagram Ads,0
C101727,10-07-2024,Delhi,27,M,Organic,0
C101728,14-12-2025,Bengaluru,26,F,Instagram Ads,0
C101729,04-04-2024,Delhi,36,M,Influencer,1
C101730,19-03-2025,Delhi,,F,Influencer,1
C101731,10-09-2024,Hyderabad,35,M,Offline Banner,0
C101732,30-12-2025,Delhi,37,M,Instagram Ads,0
C101733,31-03-2025,Mumbai,20,M,Offline Banner,0
C101734,06-09-2024,Bengaluru,39,F,Google Ads,0
C101735,05-07-2025,Bengaluru,37,F,Google Ads,0
C101736,08-11-2025,Chennai,43,M,Referral,0
C101737,19-03-2025,Hyderabad,31,F,Organic,1
C101738,09-07-2024,Hyderabad,24,F,Offline Banner,0
C101739,11-10-2024,Mumbai,41,M,Referral,1
C101740,08-11-2025,Delhi,31,F,Offline Banner,0
C101741,24-09-2025,Hyderabad,45,M,Google Ads,1
C101742,02-11-2024,Chennai,,M,Google Ads,1
C101743,22-01-2025,Mumbai,30,F,Referral,0
C101744,15-06-2025,Chennai,23,M,Google Ads,0
C101745,07-09-2025,Delhi,30,M,Offline Banner,0
C101746,12-07-2025,Mumbai,38,F,Organic  ,0
C101747,30-07-2025,Delhi,18,F,Referral,0
C101748,30-09-2024,Mumbai,27,M,Organic  ,0
C101749,10-10-2025,Hyderabad,18,M,Referral,0
C101750,20-11-2024,Mumbai,22,F,Instagram Ads,0
C101751,08-11-2024,Pune,26,F,Referral,0
C101752,29-11-2025,Bengaluru,28,F,Organic,1
C101753,19-10-2025,Mumbai,33,M,Offline Banner,0
C101754,14-11-2024,Hyderabad,36,F,Instagram Ads,0
C101755,30-01-2025,Delhi,42,M,Referral  ,0
C101756,27-04-2024,Hyderabad,43,F,Instagram Ads,0
C101757,10-10-2025,Delhi,40,M,Instagram Ads,0
C101758,09-05-2024,Mumbai,,F,Organic,0
C101759,18-02-2025,Bengaluru,32,M,Instagram Ads,0
C101760,06-06-2025,Pune,26,F,Organic,0
C101761,06-03-2024,Bengaluru,33,M,Referral,0
C101762,29-12-2024,Bengaluru,,F,Instagram Ads,0
C101763,27-12-2025,Hyderabad,21,F,Referral,0
C101764,30-07-2024,Delhi,42,M,Instagram Ads,0
C101765,29-10-2024,Pune,44,M,Influencer,0
C101766,14-04-2025,Mumbai,24,M,Instagram Ads,0
C101767,02-02-2025,Delhi,35,M,Instagram Ads,0
C101768,03-12-2025,Mumbai,25,M,Organic,0
C101769,01-09-2025,Delhi,30,M,Offline Banner,0
C101770,09-06-2025,Delhi,26,F,Influencer,0
C101771,25-03-2024,Mumbai,25,F,Google Ads,0
C101772,25-01-2025,Delhi,32,M,Instagram Ads,1
C101773,25-08-2025,Bengaluru,18,M,Organic,0
C101774,21-02-2025,Bengaluru,26,F,Influencer,0
C101775,16-09-2024,Bengaluru,63,M,Google Ads,0
C101776,15-02-2025,Mumbai,18,M,Google Ads,0
C101777,31-03-2025,Hyderabad,27,M,Instagram Ads,0
C101778,25-07-2024,Delhi,33,M,Instagram Ads,1
C101779,16-08-2025,Bengaluru,29,M,Referral  ,0
C101780,29-05-2024,Mumbai,24,F,Instagram Ads,0
C101781,24-11-2024,Bengaluru,38,M,Instagram Ads,1
C101782,21-09-2024,Mumbai,32,F,Instagram Ads,1
C101783,03-11-2025,Hyderabad,26,F,Referral,0
C101784,14-09-2024,Pune,37,F,Instagram Ads,0
C101785,20-07-2024,Hyderabad,26,M,Referral,1
C101786,25-11-2024,Delhi,24,M,Offline Banner,0
C101787,08-10-2024,Mumbai,35,M,Instagram Ads,0
C101788,07-11-2025,Chennai,20,M,Organic,1
C101789,17-10-2024,Mumbai,45,F,Influencer,1
C101790,18-12-2025,Chennai,43,M,Google Ads,0
C101791,31-12-2024,Mumbai,35,F,Instagram Ads,0
C101792,23-08-2025,Chennai,26,F,Instagram Ads,1
C101793,10-09-2024,Chennai,22,F,Organic,0
C101794,29-10-2025,Bengaluru,18,F,Referral,0
C101795,21-05-2025,Delhi,43,F,Instagram Ads,1
C101796,26-07-2024,Mumbai,23,F,Influencer,0
C101797,09-12-2025,Chennai,33,M,Organic,1
C101798,07-10-2024,Pune,32,M,Google Ads,0
C101799,25-01-2025,Delhi,18,M,Organic  ,1
C101800,03-07-2025,Mumbai,26,M,Google Ads,1
C101801,13-08-2024,Pune,21,M,Organic,0
C101802,01-02-2024,Bengaluru,37,M,Instagram Ads,1
C101803,20-12-2025,Pune,37,M,Organic,1
C101804,08-10-2024,Pune,29,F,Instagram Ads,1
C101805,20-04-2024,Pune,24,M,Referral,0
C101806,09-07-2025,Delhi,32,F,Instagram Ads,1
C101807,15-02-2025,Delhi,39,M,Organic,0
C101808,06-02-2025,Delhi,19,F,Instagram Ads,0
C101809,04-04-2025,Chennai,47,M,Instagram Ads  ,0
C101810,21-10-2025,Mumbai,29,F,Instagram Ads,0
C101811,07-07-2025,Delhi,30,M,Instagram Ads,0
C101812,10-05-2024,Mumbai,43,M,Organic,0
C101813,15-03-2024,Mumbai,30,F,Offline Banner,1
C101814,01-10-2025,Pune,30,F,Organic,0
C101815,13-10-2025,Hyderabad,,M,Influencer,0
C101816,14-08-2024,Hyderabad,26,F,Instagram Ads,1
C101817,30-04-2025,Delhi,25,M,Instagram Ads,0
C101818,12-11-2024,Chennai,18,M,Referral,0
C101819,01-10-2025,Delhi,18,F,Offline Banner,0
C101820,30-08-2024,Bengaluru,29,M,Organic,0
C101821,22-03-2025,Delhi,19,M,Google Ads,1
C101822,15-12-2025,Delhi,36,M,Instagram Ads,1
C101823,10-09-2024,Delhi,29,M,Instagram Ads,1
C101824,22-01-2025,Bengaluru,18,M,Google Ads,1
C101825,22-12-2024,Bengaluru,43,M,Organic,0
C101826,16-02-2025,Delhi,27,F,Instagram Ads  ,1
C101827,29-04-2025,Mumbai,,M,Influencer,1
C101828,29-03-2024,Pune,44,M,Offline Banner,1
C101829,12-07-2024,Delhi,30,F,Influencer,0
C101830,19-11-2024,Delhi,31,M,Offline Banner,0
C101831,08-12-2024,Mumbai,42,M,Instagram Ads,0
C101832,30-09-2025,Pune,28,F,Offline Banner,0
C101833,22-11-2025,Delhi,39,F,Google Ads,0
C101834,30-08-2025,Chennai,30,M,Influencer,0
C101835,27-07-2024,Mumbai,32,F,Instagram Ads,0
C101836,15-12-2025,Mumbai,32,F,Referral,0
C101837,25-08-2025,Delhi,,F,Instagram Ads,0
C101838,03-06-2025,Hyderabad,26,M,Instagram Ads,0
C101839,13-01-2025,Delhi,25,M,Offline Banner,1
C101840,03-04-2024,Bengaluru,20,M,Influencer,1
C101841,04-12-2024,Delhi,27,F,Referral,0
C101842,16-12-2024,Mumbai,28,F,Referral,1
C101843,04-11-2025,Pune,34,F,Organic,0
C101844,15-08-2024,Hyderabad,30,M,Google Ads,0
C101845,25-05-2025,Delhi,39,M,Organic,0
C101846,08-08-2025,Bengaluru,39,F,Referral,0
C101847,26-08-2025,Bengaluru,41,F,Organic,0
C101848,06-06-2024,Delhi,29,M,Offline Banner  ,0
C101849,02-10-2025,Mumbai,26,F,Referral,0
C101850,12-02-2025,Mumbai,20,F,Google Ads,1
C101851,17-05-2025,Mumbai,,M,Offline Banner,0
C101852,26-11-2024,Hyderabad,21,M,Offline Banner,1
C101853,16-10-2025,Delhi,23,M,Offline Banner,0
C101854,21-12-2025,Delhi,32,F,Referral,0
C101855,17-03-2025,Mumbai,28,M,Google Ads,1
C101856,26-02-2025,Chennai,42,M,Google Ads,1
C101857,23-09-2025,Hyderabad,24,F,Instagram Ads,0
C101858,26-06-2024,Delhi,31,M,Organic,0
C101859,23-09-2025,Mumbai,18,M,Instagram Ads,0
C101860,08-11-2025,Delhi,40,F,Organic,0
C101861,19-02-2025,Bengaluru,18,F,Offline Banner,0
C101862,24-11-2025,Mumbai,50,M,Offline Banner,0
C101863,22-10-2025,Chennai,30,M,Instagram Ads,0
C101864,02-03-2025,Delhi,28,F,Google Ads,0
C101865,27-07-2024,Bengaluru,30,F,Influencer,0
C101866,26-07-2024,Hyderabad,22,M,Referral,1
C101867,27-08-2025,Pune,36,F,Influencer,1
C101868,31-10-2025,Mumbai,27,F,Influencer,0
C101869,03-02-2025,Hyderabad,28,M,Referral,0
C101870,18-02-2025,Mumbai,41,M,Google Ads,0
C101871,13-07-2025,Mumbai,18,F,Referral,0
C101872,16-11-2025,Pune,29,M,Organic,0
C101873,20-05-2025,Chennai,,F,Google Ads,0
C101874,23-12-2025,Hyderabad,32,F,Organic,0
C101875,19-09-2025,Mumbai,26,F,Offline Banner,0
C101876,08-05-2024,Pune,28,M,Google Ads,0
C101877,18-06-2025,Delhi,45,F,Offline Banner,0
C101878,27-09-2025,Delhi,34,M,Organic,0
C101879,02-04-2025,Bengaluru,24,M,Influencer,1
C101880,09-03-2025,Mumbai,36,M,Instagram Ads,0
C101881,04-03-2024,Chennai,31,F,Google Ads,0
C101882,08-01-2025,Mumbai,36,M,Google Ads,0
C101883,26-11-2024,Mumbai,29,F,Google Ads,0
C101884,08-03-2025,Bengaluru,24,M,Instagram Ads,0
C101885,28-02-2025,Hyderabad,18,F,Influencer,0
C101886,11-08-2025,Mumbai,40,M,Google Ads,0
C101887,24-03-2024,Delhi,36,M,Offline Banner,1
C101888,25-12-2025,Hyderabad,33,Other,Referral,1
C101889,03-09-2025,Mumbai,36,M,Instagram Ads,0
C101890,08-12-2025,Delhi,40,M,Referral,0
C101891,21-11-2024,Bengaluru,18,F,Offline Banner,1
C101892,05-09-2025,Delhi,31,F,Referral,0
C101893,02-07-2025,Chennai,18,M,Instagram Ads,1
C101894,25-01-2025,Bengaluru,27,F,Offline Banner,0
C101895,01-11-2024,Chennai,33,F,Instagram Ads,0
C101896,30-09-2024,Mumbai,28,M,Organic,0
C101897,11-05-2025,Chennai,45,M,Referral,0
C101898,01-12-2024,Delhi,28,M,Google Ads,0
C101899,28-12-2025,Delhi,24,M,Google Ads,0
C101900,05-07-2025,Delhi,31,M,Offline Banner,0
C101901,14-02-2024,Mumbai,22,M,Offline Banner,1
C101902,13-01-2025,Delhi,23,M,Referral,0
C101903,18-02-2025,Bengaluru,38,M,Google Ads,0
C101904,18-01-2025,Mumbai,38,M,Instagram Ads,1
C101905,16-03-2025,Mumbai,32,M,Instagram Ads,0
C101906,03-07-2024,Bengaluru,35,F,Referral,0
C101907,14-07-2025,Delhi,47,F,Google Ads,1
C101908,04-06-2025,Hyderabad,30,M,Instagram Ads,0
C101909,02-11-2024,Bengaluru,24,M,Referral,1
C101910,22-07-2025,Chennai,35,F,Organic,0
C101911,09-02-2025,Mumbai,37,F,Influencer,0
C101912,15-08-2025,Chennai,38,M,Referral,1
C101913,27-05-2024,Bengaluru,40,M,Organic,0
C101914,19-12-2025,Chennai,38,M,Google Ads,0
C101915,23-06-2024,Delhi,35,F,Referral,0
C101916,01-11-2024,Hyderabad,36,F,Organic,0
C101917,17-06-2024,Pune,,F,Organic,0
C101918,06-10-2024,Delhi,18,F,Google Ads,0
C101919,30-04-2025,Bengaluru,18,F,Referral,0
C101920,31-01-2024,Pune,22,M,Offline Banner,0
C101921,03-10-2025,Bengaluru,37,F,Organic,0
C101922,28-06-2025,Delhi,27,M,Organic,0
C101923,19-08-2024,Hyderabad,32,M,Influencer,0
C101924,26-06-2024,Delhi,43,M,Instagram Ads,0
C101925,30-05-2025,Pune,39,F,Referral,0
C101926,08-08-2025,Delhi,18,F,Offline Banner,0
C101927,15-11-2024,Delhi,36,F,Google Ads,0
C101928,12-11-2024,Mumbai,31,M,Google Ads,1
C101929,14-03-2024,Bengaluru,25,M,Organic,0
C101930,26-10-2025,Chennai,28,M,Instagram Ads,1
C101931,24-03-2025,Delhi,28,M,Referral,0
C101932,11-06-2025,Delhi,20,M,Instagram Ads,0
C101933,20-04-2024,Mumbai,,M,Referral,0
C101934,27-09-2024,Pune,48,F,Organic,0
C101935,02-04-2024,Mumbai,39,F,Google Ads,0
C101936,28-07-2025,Mumbai,18,M,Google Ads,0
C101937,03-09-2025,Bengaluru,33,F,Google Ads,0
C101938,22-03-2025,Mumbai,,M,Google Ads,0
C101939,01-07-2025,Mumbai,23,M,Referral,1
C101940,22-05-2025,Mumbai,21,F,Google Ads,0
C101941,28-08-2025,Pune,38,F,Influencer,0
C101942,15-08-2025,Chennai,31,M,Organic,1
C101943,16-04-2024,Hyderabad,27,F,Google Ads,1
C101944,02-11-2024,Mumbai,35,F,Instagram Ads,0
C101945,15-06-2025,Bengaluru,47,M,Instagram Ads,1
C101946,23-12-2024,Delhi,33,F,Referral,0
C101947,29-09-2024,Hyderabad,33,M,Instagram Ads,0
C101948,12-08-2025,Bengaluru,30,F,Instagram Ads,1
C101949,16-09-2024,Pune,27,F,Google Ads  ,0
C101950,09-05-2025,Delhi,37,F,Offline Banner,0
C101951,13-12-2024,Hyderabad,29,M,Organic,0
C101952,17-08-2024,Hyderabad,34,M,Influencer,0
C101953,26-01-2025,Mumbai,43,F,Instagram Ads,0
C101954,07-08-2025,Bengaluru,36,M,Instagram Ads,0
C101955,04-10-2024,Chennai,20,F,Instagram Ads,0
C101956,17-06-2025,Chennai,20,M,Offline Banner,0
C101957,10-04-2025,Hyderabad,41,M,Google Ads,1
C101958,21-04-2024,Delhi,30,M,Referral,0
C101959,05-04-2024,Pune,33,F,Google Ads,0
C101960,24-10-2024,Bengaluru,24,M,Organic,0
C101961,24-05-2024,Mumbai,35,M,Google Ads,0
C101962,03-08-2025,Delhi,,M,Referral,1
C101963,12-08-2024,Delhi,32,M,Offline Banner,1
C101964,15-05-2025,Delhi,36,M,Referral,0
C101965,06-08-2025,Hyderabad,40,M,Referral,0
C101966,12-01-2025,Delhi,44,M,Referral,0
C101967,21-07-2025,Delhi,25,M,Influencer,0
C101968,07-01-2025,Mumbai,34,F,Google Ads,0
C101969,01-02-2025,Bengaluru,41,M,Instagram Ads,1
C101970,30-07-2024,Delhi,43,M,Organic,0
C101971,06-11-2025,Delhi,27,M,Google Ads  ,0
C101972,23-03-2025,Delhi,25,M,Offline Banner,1
C101973,02-05-2025,Bengaluru,,F,Organic,0
C101974,23-07-2024,Delhi,28,F,Referral,0
C101975,11-03-2025,Bengaluru,28,M,Instagram Ads,0
C101976,22-06-2024,Delhi,34,F,Organic,0
C101977,18-09-2025,Delhi,26,F,Organic  ,0
C101978,16-08-2025,Mumbai,43,F,Organic,0
C101979,07-12-2024,Delhi,27,F,Google Ads,0
C101980,29-09-2024,Delhi,26,M,Offline Banner,0
C101981,13-10-2025,Mumbai,21,Other,Google Ads,1
C101982,22-03-2025,Mumbai,41,F,Instagram Ads,1
C101983,23-10-2025,Hyderabad,20,M,Offline Banner,0
C101984,05-09-2025,Delhi,34,F,Organic  ,0
C101985,17-09-2025,Pune,36,F,Google Ads,0
C101986,14-04-2025,Pune,18,M,Offline Banner,0
C101987,01-07-2025,Hyderabad,20,F,Instagram Ads,0
C101988,11-11-2025,Mumbai,27,M,Instagram Ads,0
C101989,16-01-2025,Pune,46,M,Organic,1
C101990,13-03-2025,Delhi,27,F,Instagram Ads,1
C101991,18-11-2024,Delhi,26,F,Offline Banner,0
C101992,29-11-2025,Delhi,25,M,Influencer,0
C101993,04-06-2025,Chennai,24,F,Google Ads,1
C101994,25-05-2025,Mumbai,25,M,Influencer,0
C101995,04-09-2025,Chennai,25,F,Instagram Ads,0
C101996,27-08-2024,Mumbai,25,M,Referral,1
C101997,19-11-2025,Pune,25,F,Offline Banner,0
C101998,09-12-2025,Pune,27,M,Influencer,0
C101999,09-12-2024,Chennai,38,F,Google Ads,0
C102000,22-08-2025,Bengaluru,22,F,Instagram Ads,0
C102001,28-06-2024,Pune,25,M,Instagram Ads,0
C102002,18-11-2025,Chennai,26,F,Referral,0
C102003,31-10-2025,Mumbai,30,F,Referral,0
C102004,23-12-2024,Mumbai,24,M,Instagram Ads,0
C102005,27-08-2025,Hyderabad,,M,Google Ads,0
C102006,26-03-2025,Mumbai,35,F,Influencer  ,0
C102007,23-07-2024,Hyderabad,38,F,Referral,0
C102008,03-07-2025,Delhi,32,F,Instagram Ads,0
C102009,08-03-2025,Bengaluru,42,M,Offline Banner,1
C102010,12-11-2025,Delhi,21,F,Google Ads  ,0
C102011,19-12-2025,Mumbai,26,F,Influencer,1
C102012,25-07-2025,Delhi,24,F,Instagram Ads,1
C102013,18-11-2025,Pune,29,F,Google Ads,0
C102014,19-12-2025,Delhi,43,M,Referral,0
C102015,12-10-2024,Pune,48,M,Referral,1
C102016,12-08-2024,Hyderabad,38,M,Referral,0
C102017,19-09-2025,Bengaluru,30,M,Instagram Ads,1
C102018,30-06-2024,Delhi,39,F,Referral,0
C102019,01-11-2025,Delhi,42,F,Referral,0
C102020,21-05-2025,Mumbai,40,M,Instagram Ads,1
C102021,24-10-2025,Delhi,29,F,Offline Banner  ,0
C102022,03-04-2025,Bengaluru,30,M,Influencer,0
C102023,21-08-2025,Chennai,25,M,Influencer,0
C102024,09-05-2024,Delhi,29,M,Organic,0
C102025,02-08-2024,Bengaluru,24,F,Instagram Ads,0
C102026,09-10-2025,Chennai,30,F,Referral,0
C102027,28-11-2025,Pune,30,F,Influencer,1
C102028,27-08-2025,Pune,24,F,Instagram Ads,0
C102029,04-11-2024,Pune,52,M,Referral,1
C102030,03-05-2025,Mumbai,33,F,Google Ads,0
C102031,15-10-2024,Pune,41,F,Instagram Ads,0
C102032,05-07-2025,Chennai,40,F,Google Ads,1
C102033,31-01-2024,Bengaluru,46,M,Offline Banner,0
C102034,25-06-2024,Mumbai,23,M,Organic,0
C102035,05-01-2025,Mumbai,26,M,Google Ads,0
C102036,21-11-2025,Mumbai,18,F,Organic,0
C102037,19-02-2025,Delhi,18,M,Google Ads,0
C102038,28-04-2024,Bengaluru,22,M,Organic,0
C102039,30-07-2025,Bengaluru,29,M,Influencer,0
C102040,07-07-2025,Mumbai,30,M,Referral,0
C102041,10-11-2024,Delhi,56,M,Organic,0
C102042,24-04-2025,Hyderabad,35,M,Referral,1
C102043,31-08-2024,Delhi,38,F,Referral,0
C102044,19-08-2025,Delhi,32,M,Organic,0
C102045,27-12-2025,Bengaluru,20,F,Influencer,0
C102046,06-02-2025,Mumbai,,F,Organic,0
C102047,17-06-2024,Delhi,18,M,Offline Banner,1
C102048,05-12-2024,Mumbai,29,M,Influencer,0
C102049,01-03-2025,Hyderabad,36,F,Organic,0
C102050,18-07-2024,Bengaluru,26,F,Influencer,0
C102051,19-08-2024,Mumbai,32,M,Google Ads,0
C102052,26-08-2025,Delhi,26,M,Google Ads,1
C102053,12-06-2025,Bengaluru,22,F,Referral,1
C102054,16-02-2025,Pune,34,F,Referral,0
C102055,27-05-2025,Bengaluru,,F,Influencer,0
C102056,18-12-2025,Pune,39,M,Instagram Ads,0
C102057,08-09-2025,Bengaluru,29,M,Instagram Ads,1
C102058,12-04-2025,Hyderabad,18,F,Influencer,0
C102059,20-02-2025,Pune,31,M,Instagram Ads,0
C102060,20-01-2025,Hyderabad,41,M,Instagram Ads,0
C102061,30-05-2025,Pune,20,F,Google Ads,0
C102062,12-08-2025,Mumbai,45,F,Organic,0
C102063,19-12-2024,Pune,18,F,Referral,1
C102064,29-11-2025,Bengaluru,34,M,Offline Banner,0
C102065,07-10-2025,Pune,37,Other,Instagram Ads,1
C102066,27-07-2025,Delhi,42,M,Influencer  ,0
C102067,22-12-2025,Bengaluru,34,M,Google Ads,0
C102068,03-10-2024,Pune,28,F,Google Ads,0
C102069,23-09-2025,Delhi,32,F,Referral,0
C102070,03-10-2024,Bengaluru,25,F,Instagram Ads,0
C102071,10-11-2025,Pune,18,F,Google Ads,1
C102072,28-05-2025,Mumbai,29,M,Google Ads,0
C102073,31-10-2025,Mumbai,34,M,Instagram Ads,0
C102074,23-04-2024,Bengaluru,39,F,Influencer,0
C102075,30-05-2025,Bengaluru,27,M,Google Ads,0
C102076,26-12-2025,Delhi,,F,Offline Banner,0
C102077,07-10-2024,Delhi,29,M,Influencer,0
C102078,05-08-2025,Delhi,34,M,Instagram Ads,0
C102079,13-05-2024,Mumbai,36,M,Referral,0
C102080,03-03-2025,Delhi,31,M,Organic,1
C102081,07-07-2024,Hyderabad,,M,Influencer,0
C102082,11-06-2024,Bengaluru,43,M,Influencer,0
C102083,04-10-2024,Hyderabad,18,M,Organic,0
C102084,24-06-2024,Delhi,31,F,Instagram Ads,0
C102085,28-03-2025,Bengaluru,18,M,Referral,0
C102086,29-09-2024,Mumbai,18,F,Influencer,1
C102087,23-04-2025,Pune,30,F,Organic,0
C102088,02-07-2024,Hyderabad,26,F,Influencer,0
C102089,17-05-2025,Pune,47,F,Organic,1
C102090,13-05-2024,Delhi,28,F,Instagram Ads,1
C102091,23-11-2024,Hyderabad,40,M,Offline Banner,0
C102092,02-08-2024,Bengaluru,31,F,Offline Banner,0
C102093,11-06-2025,Pune,21,M,Instagram Ads,1
C102094,16-03-2025,Bengaluru,18,F,Instagram Ads,0
C102095,01-06-2024,Bengaluru,20,M,Referral,0
C102096,16-11-2025,Delhi,33,M,Organic,0
C102097,09-08-2025,Bengaluru,43,F,Google Ads  ,0
C102098,26-06-2025,Mumbai,23,M,Instagram Ads,0
C102099,26-08-2024,Delhi,37,F,Referral,0
C102100,23-11-2024,Delhi,29,M,Google Ads,0
C102101,23-06-2025,Chennai,22,Other,Google Ads,0
C102102,18-10-2024,Mumbai,33,M,Organic,0
C102103,08-11-2025,Pune,43,M,Influencer,0
C102104,27-11-2024,Chennai,30,M,Referral,0
C102105,28-03-2025,Chennai,37,M,Organic,1
C102106,17-07-2024,Pune,33,M,Organic,1
C102107,02-03-2024,Pune,33,M,Referral,0
C102108,12-12-2024,Mumbai,24,M,Google Ads,0
C102109,16-03-2025,Delhi,34,M,Google Ads,0
C102110,05-11-2024,Bengaluru,19,M,Google Ads  ,0
C102111,22-02-2024,Bengaluru,33,M,Offline Banner,1
C102112,22-12-2025,Delhi,41,F,Influencer,1
C102113,27-02-2025,Bengaluru,45,M,Referral,0
C102114,19-07-2025,Bengaluru,22,F,Offline Banner,1
C102115,20-08-2024,Pune,34,M,Influencer,0
C102116,15-03-2024,Bengaluru,25,F,Offline Banner,1
C102117,18-06-2024,Bengaluru,32,M,Instagram Ads,1
C102118,10-05-2025,Mumbai,46,F,Organic,0
C102119,14-11-2025,Mumbai,38,M,Organic,1
C102120,07-03-2025,Chennai,25,F,Organic,0
C102121,04-05-2025,Delhi,25,F,Google Ads,0
C102122,17-12-2024,Mumbai,,F,Organic  ,1
C102123,12-09-2025,Bengaluru,31,F,Google Ads,0
C102124,09-03-2024,Mumbai,32,F,Influencer,1
C102125,09-08-2024,Mumbai,19,M,Influencer,0
C102126,10-08-2024,Mumbai,46,F,Instagram Ads,0
C102127,03-05-2025,Delhi,47,M,Instagram Ads,0
C102128,19-09-2025,Mumbai,34,F,Organic,0
C102129,18-04-2024,Pune,24,M,Referral  ,0
C102130,14-12-2025,Bengaluru,25,M,Referral,0
C102131,04-04-2024,Delhi,23,M,Organic,1
C102132,05-11-2025,Mumbai,22,M,Influencer,0
C102133,02-12-2025,Delhi,25,F,Instagram Ads,0
C102134,16-11-2024,Pune,34,M,Referral,1
C102135,03-02-2025,Mumbai,32,F,Influencer,1
C102136,11-10-2025,Chennai,43,M,Influencer,0
C102137,27-12-2025,Mumbai,18,F,Google Ads,0
C102138,22-07-2025,Pune,23,F,Instagram Ads,1
C102139,09-09-2025,Delhi,18,M,Instagram Ads,0
C102140,19-05-2025,Delhi,32,F,Offline Banner,1
C102141,29-10-2025,Delhi,43,M,Referral,0
C102142,01-07-2024,Bengaluru,27,M,Google Ads,1
C102143,08-05-2025,Mumbai,41,M,Instagram Ads,1
C102144,01-07-2025,Mumbai,,F,Instagram Ads,0
C102145,29-12-2024,Pune,37,M,Organic,0
C102146,18-05-2025,Delhi,35,M,Referral,0
C102147,10-04-2025,Mumbai,,M,Referral,0
C102148,16-05-2025,Pune,29,M,Instagram Ads,0
C102149,11-05-2024,Bengaluru,36,F,Google Ads,0
C102150,29-07-2025,Pune,45,M,Influencer,0
C102151,03-06-2025,Mumbai,22,M,Instagram Ads,0
C102152,06-03-2025,Mumbai,29,M,Influencer,0
C102153,19-01-2025,Delhi,35,M,Instagram Ads,1
C102154,10-07-2025,Chennai,24,F,Instagram Ads,0
C102155,07-11-2025,Pune,23,F,Referral,0
C102156,30-11-2024,Chennai,47,F,Offline Banner,0
C102157,10-08-2025,Mumbai,24,M,Google Ads,0
C102158,14-08-2024,Pune,28,F,Organic,0
C102159,08-04-2025,Mumbai,32,F,Referral,0
C102160,16-04-2024,Mumbai,34,F,Instagram Ads,0
C102161,16-04-2024,Pune,26,Other,Google Ads,0
C102162,19-08-2025,Delhi,29,M,Offline Banner,0
C102163,01-03-2025,Delhi,22,M,Instagram Ads,1
C102164,24-06-2025,Mumbai,26,F,Organic,1
C102165,25-08-2025,Hyderabad,36,M,Offline Banner,0
C102166,11-02-2025,Mumbai,38,M,Instagram Ads,0
C102167,21-02-2025,Mumbai,39,M,Google Ads,1
C102168,30-05-2025,Chennai,30,M,Instagram Ads,0
C102169,19-04-2024,Mumbai,29,M,Instagram Ads,0
C102170,25-06-2025,Delhi,20,Other,Instagram Ads,0
C102171,24-11-2024,Bengaluru,28,M,Organic,0
C102172,03-02-2025,Pune,32,F,Organic,1
C102173,10-11-2025,Delhi,39,M,Organic,1
C102174,13-12-2024,Bengaluru,18,M,Offline Banner,0
C102175,30-04-2025,Delhi,28,M,Instagram Ads,0
C102176,08-03-2025,Bengaluru,18,F,Google Ads  ,0
C102177,01-03-2024,Delhi,,M,Google Ads,1
C102178,08-03-2024,Mumbai,41,F,Instagram Ads,0
C102179,28-01-2025,Mumbai,20,F,Instagram Ads,0
C102180,11-08-2025,Chennai,31,M,Referral,0
C102181,13-10-2025,Hyderabad,39,M,Influencer,0
C102182,13-12-2024,Chennai,27,M,Offline Banner,1
C102183,14-08-2024,Bengaluru,21,M,Instagram Ads,1
C102184,18-07-2025,Delhi,31,F,Influencer,0
C102185,18-09-2025,Mumbai,43,F,Influencer,0
C102186,22-04-2025,Pune,38,M,Google Ads,0
C102187,20-06-2025,Bengaluru,29,F,Instagram Ads,1
C102188,24-12-2025,Chennai,26,M,Offline Banner  ,0
C102189,03-08-2025,Delhi,40,M,Organic,0
C102190,04-09-2024,Mumbai,19,F,Offline Banner,0
C102191,30-09-2024,Mumbai,38,M,Referral,0
C102192,06-02-2025,Mumbai,26,Other,Google Ads,1
C102193,14-04-2024,Delhi,19,M,Google Ads,0
C102194,12-09-2024,Mumbai,18,M,Offline Banner,0
C102195,25-09-2024,Bengaluru,44,M,Google Ads,1
C102196,15-08-2025,Mumbai,29,M,Instagram Ads,1
C102197,25-12-2025,Delhi,23,F,Referral,0
C102198,10-01-2025,Hyderabad,30,Other,Google Ads,0
C102199,24-04-2024,Mumbai,26,F,Google Ads,1
C102200,03-10-2024,Bengaluru,26,F,Organic,0
C102201,06-10-2024,Mumbai,27,M,Google Ads,0
C102202,31-10-2025,Pune,31,M,Google Ads,0
C102203,22-04-2025,Bengaluru,37,F,Instagram Ads,0
C102204,02-02-2025,Chennai,18,F,Referral,0
C102205,20-04-2025,Bengaluru,41,F,Instagram Ads,0
C102206,22-10-2024,Mumbai,23,M,Instagram Ads,0
C102207,25-01-2025,Mumbai,33,F,Organic,1
C102208,09-05-2024,Bengaluru,30,M,Google Ads,0
C102209,21-10-2025,Bengaluru,24,M,Instagram Ads,0
C102210,27-10-2025,Hyderabad,40,F,Referral,0
C102211,08-08-2024,Delhi,24,M,Instagram Ads,0
C102212,03-12-2025,Bengaluru,42,M,Google Ads,1
C102213,07-12-2025,Hyderabad,36,F,Organic,1
C102214,25-01-2025,Bengaluru,25,M,Organic,0
C102215,28-02-2025,Bengaluru,21,M,Organic,0
C102216,18-04-2025,Chennai,39,F,Referral,1
C102217,22-02-2025,Mumbai,21,M,Referral,0
C102218,13-01-2025,Delhi,29,F,Influencer,0
C102219,15-03-2025,Pune,36,M,Instagram Ads,1
C102220,05-01-2025,Delhi,34,F,Instagram Ads,0
C102221,29-09-2024,Hyderabad,29,F,Organic,0
C102222,22-07-2025,Delhi,25,M,Google Ads,1
C102223,03-08-2024,Delhi,36,M,Organic,1
C102224,07-04-2024,Delhi,18,F,Google Ads,1
C102225,04-09-2025,Mumbai,,M,Google Ads,0
C102226,13-06-2025,Delhi,20,F,Influencer,1
C102227,16-05-2024,Delhi,23,M,Google Ads,1
C102228,09-08-2025,Hyderabad,33,F,Referral,1
C102229,02-10-2025,Hyderabad,25,M,Instagram Ads,0
C102230,15-02-2024,Pune,40,M,Instagram Ads  ,0
C102231,15-02-2025,Pune,36,F,Instagram Ads,0
C102232,30-08-2024,Mumbai,25,M,Google Ads,0
C102233,04-05-2025,Pune,29,F,Offline Banner  ,0
C102234,16-08-2025,Bengaluru,22,F,Influencer,0
C102235,24-04-2025,Mumbai,34,M,Organic  ,0
C102236,02-09-2024,Hyderabad,43,F,Influencer,0
C102237,29-09-2025,Delhi,21,M,Referral,1
C102238,11-06-2025,Hyderabad,32,F,Google Ads,0
C102239,26-10-2024,Mumbai,33,F,Instagram Ads,0
C102240,18-09-2025,Delhi,20,M,Organic,0
C102241,02-10-2025,Delhi,22,M,Instagram Ads,0
C102242,15-04-2024,Delhi,18,F,Google Ads,1
C102243,24-10-2025,Pune,35,F,Influencer,0
C102244,12-04-2025,Chennai,28,F,Instagram Ads,0
C102245,10-10-2025,Mumbai,25,M,Instagram Ads,0
C102246,30-05-2024,Mumbai,47,F,Instagram Ads,1
C102247,10-02-2025,Delhi,18,M,Referral,1
C102248,13-09-2024,Pune,41,F,Google Ads,1
C102249,02-11-2024,Delhi,18,M,Referral,0
C102250,09-03-2025,Chennai,26,M,Google Ads,1
C102251,18-02-2024,Bengaluru,18,F,Referral,1
C102252,28-02-2024,Pune,24,M,Google Ads  ,0
C102253,18-03-2025,Bengaluru,,F,Offline Banner,0
C102254,26-02-2025,Hyderabad,25,F,Referral,1
C102255,03-03-2025,Bengaluru,33,F,Organic,0
C102256,26-04-2025,Pune,38,M,Organic,0
C102257,25-08-2024,Pune,30,M,Referral,0
C102258,01-06-2025,Bengaluru,33,F,Instagram Ads,0
C102259,24-05-2025,Bengaluru,43,M,Referral,0
C102260,21-12-2025,Chennai,25,M,Organic,0
C102261,02-12-2024,Chennai,38,F,Referral,0
C102262,06-10-2024,Bengaluru,51,F,Instagram Ads,1
C102263,27-06-2025,Delhi,45,M,Instagram Ads,1
C102264,08-05-2025,Delhi,44,F,Google Ads,1
C102265,23-10-2024,Pune,36,M,Instagram Ads,0
C102266,11-04-2025,Delhi,40,F,Offline Banner,1
C102267,09-08-2025,Delhi,27,M,Instagram Ads  ,0
C102268,15-04-2025,Delhi,30,M,Google Ads,0
C102269,02-06-2025,Bengaluru,29,F,Organic,0
C102270,26-09-2024,Bengaluru,25,F,Influencer,0
C102271,25-07-2025,Mumbai,32,M,Referral,0
C102272,13-06-2025,Delhi,26,F,Instagram Ads,1
C102273,23-06-2024,Hyderabad,31,M,Google Ads,1
C102274,30-06-2025,Chennai,19,F,Google Ads,0
C102275,26-10-2024,Delhi,26,F,Google Ads,0
C102276,25-10-2025,Delhi,41,F,Google Ads,0
C102277,03-10-2025,Bengaluru,32,M,Instagram Ads,0
C102278,15-08-2025,Pune,41,M,Offline Banner,1
C102279,13-08-2025,Hyderabad,26,M,Instagram Ads,0
C102280,14-11-2024,Hyderabad,29,M,Referral  ,1
C102281,19-04-2025,Pune,32,M,Offline Banner,0
C102282,14-12-2025,Delhi,29,M,Organic,0
C102283,23-05-2025,Delhi,19,F,Google Ads,0
C102284,06-06-2025,Bengaluru,35,M,Instagram Ads,0
C102285,11-09-2025,Pune,23,F,Offline Banner,1
C102286,31-07-2025,Bengaluru,30,M,Instagram Ads,0
C102287,04-05-2025,Chennai,18,F,Organic,0
C102288,03-10-2025,Hyderabad,25,Other,Influencer,1
C102289,19-08-2025,Hyderabad,29,M,Instagram Ads,0
C102290,22-10-2025,Delhi,35,Other,Organic,1
C102291,11-07-2025,Delhi,21,F,Offline Banner,0
C102292,15-06-2024,Hyderabad,23,M,Organic,0
C102293,01-09-2025,Delhi,45,F,Google Ads,0
C102294,04-07-2025,Delhi,,M,Influencer,0
C102295,08-10-2025,Chennai,,M,Referral,0
C102296,17-02-2025,Pune,41,F,Organic,0
C102297,05-07-2025,Delhi,27,M,Referral,0
C102298,27-09-2025,Hyderabad,36,M,Instagram Ads,0
C102299,02-07-2025,Delhi,35,F,Instagram Ads,0
C102300,01-12-2024,Mumbai,23,Other,Instagram Ads,1
C102301,15-11-2025,Bengaluru,32,F,Instagram Ads,0
C102302,13-09-2024,Hyderabad,28,M,Instagram Ads,0
C102303,01-11-2025,Delhi,33,F,Google Ads,1
C102304,19-12-2024,Mumbai,,M,Instagram Ads,0
C102305,08-12-2024,Delhi,19,F,Influencer,1
C102306,05-05-2024,Chennai,31,M,Organic,0
C102307,17-01-2025,Bengaluru,37,F,Referral,0
C102308,18-12-2024,Mumbai,37,F,Referral,0
C102309,20-09-2025,Delhi,18,F,Google Ads,0
C102310,29-09-2025,Bengaluru,32,F,Referral,0
C102311,10-05-2025,Bengaluru,36,F,Organic,1
C102312,13-10-2024,Pune,32,F,Influencer  ,0
C102313,27-10-2025,Mumbai,37,F,Instagram Ads,0
C102314,27-03-2025,Chennai,19,F,Organic,1
C102315,08-12-2025,Mumbai,21,M,Organic  ,0
C102316,02-07-2024,Mumbai,35,F,Referral,1
C102317,14-05-2025,Mumbai,28,M,Instagram Ads,0
C102318,29-03-2025,Bengaluru,40,F,Referral,0
C102319,28-04-2025,Chennai,33,M,Referral,0
C102320,17-12-2025,Hyderabad,23,Other,Referral,1
C102321,13-11-2024,Bengaluru,23,M,Referral,0
C102322,26-09-2025,Delhi,18,M,Instagram Ads,0
C102323,04-02-2024,Delhi,36,F,Instagram Ads  ,0
C102324,30-03-2024,Bengaluru,30,M,Instagram Ads,0
C102325,15-11-2025,Hyderabad,38,M,Google Ads,0
C102326,07-06-2024,Hyderabad,33,F,Google Ads,0
C102327,09-07-2025,Delhi,31,M,Google Ads,1
C102328,15-09-2025,Delhi,37,M,Instagram Ads,1
C102329,09-08-2024,Mumbai,30,F,Organic,1
C102330,29-10-2025,Chennai,28,F,Influencer,0
C102331,01-06-2025,Bengaluru,30,M,Google Ads,1
C102332,23-09-2025,Mumbai,37,M,Google Ads,0
C102333,02-11-2024,Mumbai,23,M,Influencer,0
C102334,25-07-2024,Delhi,38,M,Organic,0
C102335,26-06-2025,Mumbai,31,M,Google Ads,1
C102336,27-09-2025,Hyderabad,27,M,Organic,1
C102337,05-04-2025,Chennai,32,F,Google Ads,1
C102338,29-11-2025,Bengaluru,40,F,Referral,0
C102339,09-09-2025,Delhi,40,M,Offline Banner,1
C102340,14-11-2025,Hyderabad,34,M,Google Ads,0
C102341,24-12-2025,Hyderabad,36,F,Offline Banner,0
C102342,28-10-2025,Delhi,31,M,Google Ads,0
C102343,04-07-2025,Pune,26,F,Referral,0
C102344,14-06-2024,Pune,34,M,Referral  ,1
C102345,21-12-2025,Mumbai,27,M,Influencer,1
C102346,15-09-2024,Bengaluru,22,M,Instagram Ads,0
C102347,10-01-2025,Hyderabad,27,M,Organic,0
C102348,09-09-2024,Bengaluru,18,F,Organic,0
C102349,11-02-2025,Delhi,21,F,Referral,1
C102350,21-08-2024,Delhi,47,F,Instagram Ads  ,0
C102351,25-05-2025,Delhi,40,F,Google Ads,1
C102352,22-01-2025,Hyderabad,29,M,Organic,0
C102353,06-05-2025,Mumbai,35,F,Influencer,0
C102354,31-07-2025,Bengaluru,,F,Google Ads,0
C102355,20-03-2024,Hyderabad,36,M,Referral,0
C102356,04-09-2024,Mumbai,33,M,Instagram Ads,0
C102357,28-06-2025,Hyderabad,25,M,Google Ads  ,1
C102358,15-11-2025,Mumbai,28,M,Google Ads  ,0
C102359,04-11-2024,Mumbai,27,F,Organic,1
C102360,14-05-2025,Mumbai,37,F,Offline Banner,0
C102361,29-05-2025,Chennai,,F,Influencer,0
C102362,06-01-2025,Hyderabad,18,M,Instagram Ads,1
C102363,26-05-2025,Delhi,27,M,Referral,0
C102364,05-07-2025,Chennai,24,M,Instagram Ads,0
C102365,22-12-2025,Hyderabad,19,F,Google Ads,0
C102366,13-06-2025,Delhi,24,M,Instagram Ads,0
C102367,18-12-2025,Delhi,18,M,Google Ads,0
C102368,21-11-2024,Mumbai,23,F,Organic,1
C102369,10-05-2025,Bengaluru,32,M,Referral,1
C102370,23-04-2025,Bengaluru,34,M,Offline Banner,0
C102371,15-08-2025,Mumbai,35,M,Instagram Ads  ,0
C102372,15-11-2024,Mumbai,38,M,Google Ads,0
C102373,03-12-2025,Delhi,40,M,Google Ads,0
C102374,19-06-2025,Delhi,22,M,Instagram Ads,0
C102375,25-11-2024,Bengaluru,19,M,Offline Banner,0
C102376,30-07-2024,Mumbai,31,M,Google Ads,0
C102377,07-08-2024,Bengaluru,35,M,Offline Banner,1
C102378,02-07-2024,Chennai,24,F,Google Ads,0
C102379,17-07-2024,Delhi,33,M,Instagram Ads,0
C102380,02-10-2025,Delhi,45,M,Instagram Ads,0
C102381,11-01-2025,Delhi,20,F,Influencer,0
C102382,03-06-2025,Mumbai,31,M,Instagram Ads,1
C102383,10-01-2025,Hyderabad,39,F,Offline Banner,0
C102384,01-06-2025,Bengaluru,29,M,Google Ads,1
C102385,18-10-2025,Bengaluru,34,Other,Google Ads,0
C102386,01-03-2025,Mumbai,38,F,Organic,0
C102387,23-03-2025,Mumbai,28,F,Instagram Ads,0
C102388,14-01-2025,Mumbai,22,F,Instagram Ads,0
C102389,23-03-2025,Bengaluru,30,M,Influencer,1
C102390,12-08-2025,Delhi,22,F,Google Ads,0
C102391,21-07-2025,Hyderabad,26,M,Referral,1
C102392,22-08-2024,Bengaluru,34,M,Instagram Ads,0
C102393,20-08-2024,Mumbai,32,M,Instagram Ads,1
C102394,26-09-2025,Bengaluru,38,M,Google Ads,0
C102395,21-04-2025,Chennai,32,F,Referral,1
C102396,15-03-2025,Delhi,24,M,Organic  ,0
C102397,17-12-2025,Delhi,23,F,Referral,1
C102398,11-03-2024,Mumbai,36,M,Influencer,0
C102399,26-02-2025,Bengaluru,32,F,Instagram Ads,0
C102400,27-01-2025,Delhi,29,F,Instagram Ads,0
C102401,08-08-2025,Chennai,33,F,Instagram Ads,1
C102402,20-10-2025,Bengaluru,25,F,Organic,1
C102403,11-04-2025,Pune,18,F,Organic,0
C102404,18-12-2025,Mumbai,39,M,Instagram Ads,0
C102405,04-06-2024,Pune,36,M,Instagram Ads,0
C102406,01-04-2025,Mumbai,30,F,Organic,1
C102407,12-05-2025,Delhi,23,F,Influencer,0
C102408,08-11-2025,Chennai,29,M,Organic,1
C102409,07-12-2025,Delhi,18,M,Instagram Ads,0
C102410,29-10-2025,Chennai,31,M,Referral,0
C102411,18-12-2024,Mumbai,18,M,Organic,1
C102412,24-12-2024,Chennai,31,F,Google Ads,0
C102413,26-12-2024,Bengaluru,25,M,Referral,0
C102414,21-08-2024,Hyderabad,29,F,Google Ads,0
C102415,24-05-2024,Delhi,21,F,Instagram Ads,0
C102416,30-10-2025,Bengaluru,43,M,Offline Banner,0
C102417,05-11-2025,Hyderabad,33,M,Offline Banner,0
C102418,30-04-2025,Hyderabad,25,M,Referral,0
C102419,07-01-2025,Delhi,29,F,Instagram Ads,0
C102420,22-09-2025,Mumbai,43,M,Organic,1
C102421,27-12-2024,Mumbai,23,M,Google Ads,0
C102422,05-01-2025,Delhi,22,M,Instagram Ads,1
C102423,26-01-2025,Mumbai,21,M,Google Ads,0
C102424,05-11-2025,Pune,25,M,Referral,1
C102425,27-08-2024,Mumbai,42,M,Instagram Ads,1
C102426,29-08-2025,Mumbai,26,M,Referral,0
C102427,17-06-2025,Chennai,27,F,Instagram Ads,1
C102428,11-12-2025,Delhi,32,M,Influencer,0
C102429,24-10-2024,Bengaluru,30,F,Offline Banner,0
C102430,04-06-2024,Hyderabad,38,F,Organic,0
C102431,23-05-2025,Hyderabad,37,F,Referral,0
C102432,17-07-2024,Hyderabad,33,M,Google Ads,1
C102433,28-06-2024,Hyderabad,29,M,Organic,0
C102434,15-10-2025,Delhi,38,F,Offline Banner,0
C102435,13-03-2025,Bengaluru,24,F,Instagram Ads,0
C102436,07-10-2024,Hyderabad,24,M,Referral,1
C102437,02-06-2025,Delhi,27,M,Google Ads,0
C102438,19-08-2025,Delhi,40,F,Google Ads,0
C102439,14-07-2024,Pune,24,M,Google Ads,0
C102440,16-07-2025,Hyderabad,26,F,Offline Banner,0
C102441,21-10-2024,Mumbai,,F,Google Ads,1
C102442,30-08-2025,Chennai,30,M,Referral,0
C102443,10-05-2025,Hyderabad,27,F,Offline Banner  ,0
C102444,11-09-2024,Chennai,34,M,Referral,0
C102445,22-08-2024,Chennai,27,F,Influencer,0
C102446,23-07-2025,Bengaluru,39,M,Instagram Ads,0
C102447,04-07-2025,Hyderabad,32,M,Offline Banner,0
C102448,28-07-2024,Bengaluru,39,F,Instagram Ads,0
C102449,13-05-2025,Pune,24,M,Offline Banner,0
C102450,11-02-2025,Hyderabad,29,F,Instagram Ads,0
C102451,28-03-2025,Delhi,18,M,Referral,0
C102452,11-03-2025,Delhi,41,M,Google Ads,1
C102453,30-07-2025,Mumbai,49,M,Google Ads,1
C102454,23-07-2024,Pune,28,F,Google Ads,0
C102455,24-09-2025,Pune,33,M,Offline Banner,0
C102456,07-04-2025,Bengaluru,31,F,Google Ads,0
C102457,28-10-2025,Bengaluru,20,M,Organic,0
C102458,14-01-2025,Pune,40,M,Instagram Ads,1
C102459,12-02-2025,Mumbai,28,F,Influencer,1
C102460,17-08-2025,Delhi,18,M,Referral,0
C102461,21-07-2025,Bengaluru,,M,Offline Banner,1
C102462,16-06-2025,Chennai,19,F,Google Ads,1
C102463,22-08-2024,Hyderabad,31,F,Instagram Ads,0
C102464,17-12-2024,Mumbai,31,F,Google Ads,0
C102465,11-07-2025,Delhi,40,F,Organic,0
C102466,22-12-2024,Bengaluru,45,M,Organic,0
C102467,21-06-2024,Pune,46,F,Organic,0
C102468,12-07-2025,Bengaluru,22,F,Instagram Ads,0
C102469,24-05-2025,Mumbai,,F,Referral,1
C102470,23-12-2024,Delhi,37,M,Offline Banner,1
C102471,25-05-2024,Chennai,26,F,Instagram Ads,0
C102472,22-12-2025,Mumbai,33,F,Instagram Ads,0
C102473,17-05-2025,Delhi,,M,Organic,0
C102474,29-05-2025,Pune,27,F,Google Ads,1
C102475,22-03-2025,Chennai,41,M,Organic,0
C102476,19-09-2024,Bengaluru,32,F,Referral,1
C102477,25-06-2025,Bengaluru,29,Other,Offline Banner,1
C102478,23-06-2024,Mumbai,21,M,Influencer,0
C102479,08-05-2025,Delhi,40,F,Organic,0
C102480,02-12-2025,Delhi,31,M,Google Ads,0
C102481,28-06-2025,Bengaluru,31,M,Google Ads,0
C102482,07-10-2024,Delhi,24,M,Influencer,0
C102483,19-07-2024,Pune,38,M,Referral,1
C102484,23-01-2025,Delhi,21,F,Influencer,0
C102485,06-03-2025,Bengaluru,,F,Referral,0
C102486,09-12-2025,Bengaluru,25,M,Instagram Ads,0
C102487,08-06-2025,Bengaluru,33,M,Google Ads,1
C102488,23-06-2025,Mumbai,33,F,Instagram Ads,0
C102489,24-09-2024,Pune,32,F,Influencer,1
C102490,17-01-2025,Mumbai,29,F,Organic,0
C102491,07-09-2025,Hyderabad,32,M,Instagram Ads  ,0
C102492,27-02-2024,Bengaluru,53,F,Organic,1
C102493,29-03-2024,Delhi,,M,Influencer,0
C102494,14-03-2024,Bengaluru,27,M,Organic,0
C102495,01-12-2024,Bengaluru,30,F,Referral,1
C102496,01-10-2025,Pune,29,M,Google Ads,1
C102497,21-08-2024,Pune,31,F,Influencer,0
C102498,15-09-2024,Delhi,23,F,Google Ads,0
C102499,28-12-2024,Delhi,37,M,Influencer,0
C102500,21-12-2024,Mumbai,33,F,Influencer,1
C102501,09-02-2025,Chennai,24,F,Influencer,1
C102502,23-08-2024,Delhi,39,M,Offline Banner,0
C102503,12-07-2024,Bengaluru,18,F,Organic,0
C102504,22-12-2025,Bengaluru,48,F,Instagram Ads,0
C102505,21-04-2024,Bengaluru,46,M,Instagram Ads,0
C102506,25-07-2025,Delhi,44,Other,Instagram Ads,1
C102507,09-11-2025,Delhi,27,M,Instagram Ads,1
C102508,05-10-2025,Mumbai,32,M,Instagram Ads,1
C102509,04-07-2024,Delhi,26,F,Referral,0
C102510,24-10-2025,Delhi,34,M,Instagram Ads,1
C102511,17-05-2024,Delhi,31,F,Referral,1
C102512,10-11-2024,Bengaluru,27,F,Influencer,0
C102513,22-03-2025,Mumbai,27,F,Organic  ,1
C102514,15-07-2024,Mumbai,31,F,Offline Banner  ,0
C102515,23-03-2025,Mumbai,54,F,Instagram Ads,0
C102516,07-10-2024,Delhi,41,F,Referral,1
C102517,03-12-2025,Mumbai,31,M,Google Ads,0
C102518,02-05-2025,Delhi,29,F,Referral,1
C102519,14-10-2025,Hyderabad,35,M,Referral,0
C102520,20-12-2025,Delhi,26,M,Instagram Ads,1
C102521,13-05-2025,Chennai,29,M,Instagram Ads,0
C102522,01-12-2025,Delhi,18,F,Organic,0
C102523,11-08-2025,Chennai,31,M,Organic,0
C102524,03-09-2025,Pune,31,M,Referral,0
C102525,15-04-2025,Hyderabad,26,M,Google Ads,0
C102526,18-05-2024,Chennai,34,M,Google Ads,0
C102527,17-01-2025,Delhi,31,M,Instagram Ads,1
C102528,05-08-2024,Delhi,26,F,Offline Banner,0
C102529,15-09-2025,Delhi,37,M,Influencer,0
C102530,03-10-2024,Delhi,29,F,Instagram Ads,0
C102531,07-05-2025,Mumbai,22,M,Instagram Ads,0
C102532,07-08-2025,Bengaluru,18,M,Referral,0
C102533,02-09-2024,Delhi,42,F,Instagram Ads,1
C102534,24-02-2025,Mumbai,32,M,Offline Banner,0
C102535,30-11-2024,Delhi,31,M,Organic,1
C102536,31-03-2025,Bengaluru,30,F,Google Ads,1
C102537,17-08-2024,Chennai,40,M,Instagram Ads,0
C102538,17-12-2025,Bengaluru,32,M,Influencer,1
C102539,16-07-2025,Mumbai,43,M,Google Ads  ,1
C102540,01-11-2024,Mumbai,32,M,Organic  ,0
C102541,06-10-2025,Hyderabad,18,M,Google Ads,1
C102542,23-09-2024,Delhi,41,F,Instagram Ads,0
C102543,18-04-2024,Chennai,33,M,Organic,0
C102544,27-07-2024,Mumbai,26,M,Referral,0
C102545,25-12-2024,Mumbai,28,F,Instagram Ads,0
C102546,30-08-2025,Chennai,28,M,Instagram Ads,0
C102547,25-08-2025,Chennai,21,M,Referral,1
C102548,07-07-2024,Bengaluru,38,F,Organic,0
C102549,20-11-2024,Delhi,27,M,Google Ads,0
C102550,10-09-2025,Hyderabad,24,M,Organic,1
C102551,14-08-2025,Mumbai,65,F,Instagram Ads,0
C102552,18-03-2025,Mumbai,21,F,Google Ads,0
C102553,03-06-2025,Delhi,30,M,Organic,1
C102554,22-04-2025,Bengaluru,18,F,Organic,1
C102555,24-02-2025,Hyderabad,41,M,Google Ads,0
C102556,24-10-2025,Mumbai,28,M,Instagram Ads,0
C102557,16-12-2025,Chennai,37,M,Instagram Ads,1
C102558,24-07-2025,Delhi,23,M,Influencer,0
C102559,25-09-2024,Delhi,18,M,Instagram Ads,0
C102560,17-03-2025,Bengaluru,25,F,Instagram Ads,0
C102561,23-09-2024,Pune,41,F,Instagram Ads,1
C102562,03-11-2024,Chennai,35,F,Referral,0
C102563,27-06-2025,Hyderabad,18,M,Influencer,0
C102564,30-05-2025,Delhi,18,F,Google Ads,0
C102565,19-11-2025,Chennai,28,F,Referral,0
C102566,02-11-2025,Chennai,39,M,Instagram Ads,0
C102567,17-12-2025,Delhi,24,M,Referral,0
C102568,17-11-2024,Bengaluru,39,M,Instagram Ads,1
C102569,25-06-2025,Bengaluru,32,M,Instagram Ads,1
C102570,07-11-2025,Mumbai,45,M,Google Ads,1
C102571,09-10-2025,Chennai,25,F,Organic,0
C102572,23-07-2025,Delhi,30,M,Organic,0
C102573,07-11-2024,Bengaluru,25,M,Google Ads,0
C102574,08-08-2025,Delhi,38,F,Instagram Ads,0
C102575,06-04-2025,Bengaluru,35,M,Google Ads,1
C102576,07-09-2024,Hyderabad,18,F,Referral,0
C102577,25-08-2025,Delhi,36,M,Influencer,1
C102578,02-05-2025,Mumbai,19,M,Offline Banner,1
C102579,22-05-2025,Chennai,23,M,Organic,1
C102580,28-09-2024,Hyderabad,36,M,Google Ads,0
C102581,20-06-2024,Bengaluru,,F,Organic,0
C102582,02-01-2025,Delhi,28,M,Google Ads,0
C102583,11-09-2025,Mumbai,37,M,Organic,0
C102584,01-10-2024,Hyderabad,34,F,Google Ads,1
C102585,21-09-2025,Pune,33,M,Google Ads,0
C102586,07-09-2025,Delhi,37,F,Instagram Ads,0
C102587,10-09-2024,Bengaluru,41,M,Google Ads,0
C102588,24-05-2025,Delhi,21,F,Organic,1
C102589,10-11-2025,Delhi,33,M,Influencer,0
C102590,27-10-2024,Bengaluru,38,M,Influencer,1
C102591,23-06-2025,Delhi,37,M,Offline Banner,0
C102592,24-06-2024,Delhi,29,F,Instagram Ads,1
C102593,19-04-2025,Hyderabad,29,F,Referral,0
C102594,15-10-2024,Bengaluru,,M,Referral,0
C102595,17-07-2025,Hyderabad,32,F,Influencer,0
C102596,16-11-2025,Bengaluru,39,M,Google Ads,1
C102597,26-02-2025,Hyderabad,31,M,Instagram Ads,0
C102598,25-01-2025,Mumbai,28,F,Google Ads,0
C102599,29-07-2024,Mumbai,18,M,Offline Banner,0
C102600,15-11-2025,Bengaluru,29,M,Influencer,1
C102601,28-12-2025,Delhi,21,F,Google Ads,0
C102602,19-04-2025,Pune,18,F,Influencer,0
C102603,01-07-2025,Bengaluru,24,M,Instagram Ads,0
C102604,12-12-2025,Delhi,36,M,Google Ads,0
C102605,26-11-2025,Bengaluru,29,M,Organic,0
C102606,13-08-2025,Chennai,32,M,Instagram Ads,0
C102607,27-11-2024,Delhi,36,M,Instagram Ads,0
C102608,20-09-2025,Delhi,30,F,Influencer,0
C102609,22-10-2025,Pune,25,M,Organic,0
C102610,19-12-2024,Delhi,,F,Offline Banner,1
C102611,14-11-2024,Delhi,37,F,Instagram Ads  ,1
C102612,04-01-2025,Mumbai,30,F,Google Ads,0
C102613,11-01-2025,Mumbai,18,M,Google Ads,0
C102614,24-09-2024,Bengaluru,28,F,Influencer  ,0
C102615,18-04-2025,Bengaluru,35,F,Google Ads,1
C102616,30-07-2025,Chennai,32,M,Google Ads,1
C102617,24-12-2024,Hyderabad,22,M,Instagram Ads,0
C102618,30-05-2025,Chennai,25,M,Organic,1
C102619,18-02-2025,Mumbai,18,M,Instagram Ads,0
C102620,06-11-2024,Delhi,35,M,Instagram Ads,0
C102621,12-05-2025,Chennai,35,F,Google Ads,0
C102622,24-10-2025,Delhi,,F,Google Ads,0
C102623,24-04-2024,Hyderabad,28,M,Instagram Ads,1
C102624,02-04-2025,Delhi,22,F,Instagram Ads,1
C102625,29-05-2024,Hyderabad,33,M,Influencer,1
C102626,19-04-2024,Chennai,18,F,Instagram Ads  ,0
C102627,08-08-2024,Mumbai,37,F,Instagram Ads,0
C102628,17-11-2025,Delhi,35,F,Google Ads,0
C102629,13-04-2025,Delhi,40,M,Offline Banner,0
C102630,06-12-2024,Bengaluru,31,F,Instagram Ads,0
C102631,29-11-2024,Delhi,26,M,Influencer,1
C102632,21-08-2025,Bengaluru,34,M,Influencer,0
C102633,20-05-2025,Mumbai,37,M,Google Ads,1
C102634,03-11-2024,Mumbai,,M,Google Ads,0
C102635,14-06-2024,Mumbai,30,M,Organic,1
C102636,11-08-2024,Bengaluru,33,M,Organic,1
C102637,02-12-2025,Delhi,34,M,Organic,0
C102638,20-05-2025,Hyderabad,28,F,Influencer,0
C102639,14-12-2024,Pune,36,M,Google Ads,1
C102640,14-07-2025,Mumbai,23,M,Organic,1
C102641,14-08-2025,Delhi,47,M,Instagram Ads,0
C102642,23-11-2024,Hyderabad,26,F,Referral,0
C102643,12-12-2024,Delhi,34,F,Organic,0
C102644,18-02-2025,Delhi,26,F,Instagram Ads,0
C102645,06-10-2025,Bengaluru,31,F,Instagram Ads,1
C102646,20-11-2025,Delhi,22,M,Instagram Ads,0
C102647,24-03-2025,Delhi,39,F,Google Ads,1
C102648,31-10-2025,Chennai,24,M,Influencer,1
C102649,10-02-2024,Mumbai,31,M,Referral,1
C102650,09-10-2024,Pune,30,F,Organic,0
C102651,04-11-2025,Delhi,25,M,Instagram Ads,0
C102652,31-03-2025,Pune,18,F,Instagram Ads,1
C102653,21-06-2025,Bengaluru,39,F,Instagram Ads,0
C102654,28-01-2025,Delhi,32,M,Google Ads,0
C102655,31-05-2025,Hyderabad,18,M,Referral  ,1
C102656,14-05-2025,Pune,18,M,Influencer,0
C102657,23-08-2025,Delhi,28,M,Google Ads,0
C102658,31-07-2024,Hyderabad,30,M,Referral,1
C102659,19-04-2024,Mumbai,29,Other,Instagram Ads,1
C102660,30-06-2024,Hyderabad,42,F,Instagram Ads,0
C102661,20-10-2025,Hyderabad,18,F,Instagram Ads,0
C102662,27-04-2024,Delhi,32,F,Organic,0
C102663,13-01-2025,Delhi,36,M,Referral,0
C102664,27-10-2024,Mumbai,35,F,Instagram Ads,0
C102665,09-10-2025,Chennai,38,M,Referral,0
C102666,15-03-2025,Mumbai,31,M,Referral,1
C102667,04-08-2025,Bengaluru,32,M,Instagram Ads,0
C102668,10-10-2025,Delhi,28,F,Organic,0
C102669,05-12-2024,Hyderabad,18,M,Organic,1
C102670,21-04-2025,Bengaluru,33,M,Google Ads,1
C102671,20-02-2025,Hyderabad,27,F,Organic,0
C102672,17-08-2025,Pune,25,F,Instagram Ads,0
C102673,12-07-2025,Delhi,,M,Organic,1
C102674,10-07-2025,Mumbai,34,M,Offline Banner,0
C102675,10-08-2025,Chennai,,F,Referral,1
C102676,08-04-2025,Delhi,33,M,Google Ads,1
C102677,03-02-2025,Hyderabad,30,F,Google Ads,0
C102678,13-11-2024,Hyderabad,32,M,Google Ads,1
C102679,02-03-2025,Hyderabad,41,F,Instagram Ads,1
C102680,19-05-2025,Delhi,34,F,Organic,0
C102681,29-12-2024,Delhi,33,F,Instagram Ads,0
C102682,28-05-2024,Bengaluru,,M,Instagram Ads  ,1
C102683,24-07-2025,Delhi,,M,Organic,0
C102684,29-05-2025,Bengaluru,34,F,Organic,0
C102685,17-02-2025,Bengaluru,18,M,Instagram Ads,1
C102686,22-09-2025,Mumbai,28,F,Organic,1
C102687,22-08-2024,Mumbai,24,F,Offline Banner,0
C102688,18-09-2025,Chennai,29,M,Instagram Ads,0
C102689,02-07-2024,Bengaluru,29,Other,Google Ads,1
C102690,30-08-2024,Bengaluru,32,M,Organic,0
C102691,04-11-2024,Chennai,34,F,Organic,0
C102692,14-07-2025,Bengaluru,38,F,Instagram Ads,0
C102693,13-05-2025,Chennai,39,M,Instagram Ads,0
C102694,26-07-2025,Delhi,29,F,Influencer,0
C102695,04-12-2024,Pune,26,F,Offline Banner,1
C102696,11-08-2025,Mumbai,24,F,Organic,0
C102697,20-07-2024,Pune,28,M,Offline Banner,1
C102698,19-11-2025,Pune,23,F,Organic,1
C102699,22-03-2025,Mumbai,34,M,Offline Banner,0
C102700,22-12-2025,Mumbai,39,M,Organic,0
C102701,26-01-2025,Hyderabad,18,M,Offline Banner,1
C102702,01-07-2024,Delhi,31,M,Instagram Ads,0
C102703,28-02-2025,Hyderabad,43,F,Influencer,0
C102704,14-12-2024,Delhi,19,F,Instagram Ads,0
C102705,14-05-2025,Chennai,42,F,Instagram Ads,1
C102706,27-03-2025,Mumbai,24,M,Referral,0
C102707,01-10-2024,Bengaluru,,F,Google Ads,0
C102708,28-04-2024,Delhi,35,M,Instagram Ads,1
C102709,26-09-2024,Mumbai,35,M,Offline Banner,1
C102710,03-12-2025,Mumbai,30,F,Organic,0
C102711,25-05-2025,Bengaluru,24,M,Offline Banner,0
C102712,14-02-2025,Delhi,21,M,Offline Banner,1
C102713,02-07-2025,Pune,30,M,Google Ads  ,1
C102714,24-06-2025,Delhi,29,F,Google Ads,0
C102715,04-06-2024,Hyderabad,24,F,Instagram Ads,0
C102716,14-06-2025,Mumbai,28,M,Referral,0
C102717,01-05-2025,Bengaluru,,M,Organic,0
C102718,13-03-2025,Delhi,39,M,Referral,1
C102719,16-08-2025,Bengaluru,32,M,Google Ads,0
C102720,15-10-2024,Bengaluru,29,F,Instagram Ads,0
C102721,19-09-2025,Delhi,24,F,Referral,0
C102722,28-04-2025,Delhi,25,F,Instagram Ads,1
C102723,19-02-2025,Delhi,32,F,Influencer,1
C102724,21-03-2025,Delhi,33,F,Instagram Ads,0
C102725,13-11-2025,Delhi,29,F,Google Ads,0
C102726,23-06-2025,Delhi,38,F,Instagram Ads,0
C102727,14-11-2025,Bengaluru,31,F,Organic,0
C102728,28-12-2025,Mumbai,27,M,Google Ads,0
C102729,25-03-2025,Mumbai,25,M,Instagram Ads,0
C102730,10-12-2025,Delhi,25,F,Referral,0
C102731,25-01-2025,Bengaluru,34,F,Offline Banner,0
C102732,29-08-2025,Mumbai,26,F,Offline Banner,1
C102733,16-10-2025,Bengaluru,31,F,Google Ads,1
C102734,23-06-2025,Hyderabad,24,F,Organic,0
C102735,10-09-2024,Bengaluru,29,M,Instagram Ads,0
C102736,27-03-2024,Mumbai,30,M,Instagram Ads,0
C102737,21-05-2025,Bengaluru,49,F,Referral,0
C102738,21-08-2024,Delhi,20,F,Instagram Ads,0
C102739,26-05-2025,Pune,,M,Influencer,0
C102740,09-05-2025,Hyderabad,24,F,Offline Banner,1
C102741,10-09-2025,Bengaluru,41,M,Instagram Ads,0
C102742,12-05-2025,Chennai,25,M,Instagram Ads,0
C102743,30-08-2025,Bengaluru,39,M,Google Ads,0
C102744,09-10-2025,Mumbai,32,F,Referral,1
C102745,02-06-2024,Delhi,20,F,Offline Banner,1
C102746,25-02-2024,Bengaluru,32,M,Influencer,0
C102747,09-04-2024,Pune,35,F,Organic,0
C102748,24-12-2024,Pune,35,F,Google Ads,0
C102749,21-06-2024,Bengaluru,29,F,Influencer  ,0
C102750,01-04-2025,Mumbai,51,F,Instagram Ads,0
C102751,07-12-2025,Bengaluru,46,F,Offline Banner,0
C102752,06-10-2025,Hyderabad,33,F,Instagram Ads,1
C102753,06-10-2024,Mumbai,20,M,Referral,0
C102754,23-05-2025,Mumbai,22,M,Instagram Ads,1
C102755,15-04-2025,Hyderabad,28,M,Google Ads,0
C102756,17-04-2024,Pune,30,F,Organic,1
C102757,06-09-2025,Hyderabad,,M,Organic,0
C102758,02-10-2024,Delhi,26,M,Influencer,0
C102759,26-04-2025,Delhi,18,M,Referral,1
C102760,16-08-2024,Pune,18,M,Google Ads,0
C102761,22-04-2025,Pune,31,M,Influencer,0
C102762,19-06-2025,Mumbai,43,F,Influencer,0
C102763,30-11-2025,Bengaluru,18,F,Instagram Ads,0
C102764,17-04-2025,Pune,29,F,Influencer  ,0
C102765,25-05-2025,Chennai,30,F,Offline Banner,0
C102766,18-12-2024,Hyderabad,33,F,Organic,0
C102767,05-09-2025,Delhi,26,M,Google Ads,1
C102768,31-08-2025,Hyderabad,22,M,Organic,0
C102769,21-06-2024,Delhi,36,M,Google Ads,0
C102770,23-07-2024,Pune,18,F,Organic,0
C102771,10-09-2025,Delhi,34,M,Referral,1
C102772,20-07-2025,Bengaluru,24,F,Offline Banner,1
C102773,20-06-2025,Bengaluru,32,F,Organic,0
C102774,08-08-2025,Hyderabad,40,F,Instagram Ads,1
C102775,08-03-2025,Bengaluru,25,M,Organic  ,0
C102776,05-04-2025,Delhi,28,F,Google Ads,1
C102777,14-04-2024,Hyderabad,,F,Google Ads  ,0
C102778,15-05-2025,Mumbai,49,M,Google Ads,0
C102779,16-02-2025,Mumbai,29,F,Instagram Ads,0
C102780,06-11-2025,Chennai,29,F,Offline Banner,1
C102781,21-08-2025,Bengaluru,30,Other,Referral,0
C102782,15-03-2024,Hyderabad,41,M,Organic  ,0
C102783,18-10-2025,Bengaluru,25,M,Google Ads  ,1
C102784,11-09-2025,Hyderabad,37,M,Organic,0
C102785,21-06-2025,Hyderabad,,F,Referral,0
C102786,17-07-2025,Bengaluru,24,F,Google Ads,1
C102787,17-11-2024,Chennai,33,F,Offline Banner,1
C102788,24-12-2024,Mumbai,40,F,Referral,1
C102789,11-12-2024,Hyderabad,27,F,Organic,0
C102790,04-06-2025,Hyderabad,27,F,Instagram Ads,0
C102791,04-11-2024,Mumbai,36,M,Google Ads,1
C102792,07-06-2025,Mumbai,30,M,Influencer,0
C102793,02-10-2025,Chennai,36,F,Organic  ,0
C102794,26-11-2025,Delhi,,F,Referral,0
C102795,28-02-2025,Mumbai,22,M,Offline Banner,0
C102796,15-08-2025,Bengaluru,30,M,Referral,0
C102797,27-09-2025,Delhi,34,M,Referral,1
C102798,23-10-2025,Pune,29,F,Google Ads,0
C102799,23-04-2024,Mumbai,31,F,Organic,1
C102800,14-04-2024,Delhi,35,M,Google Ads,0
C102801,23-09-2025,Pune,21,M,Google Ads,0
C102802,02-08-2024,Mumbai,35,F,Offline Banner,0
C102803,04-04-2025,Bengaluru,39,M,Instagram Ads,1
C102804,28-02-2025,Pune,28,M,Instagram Ads,0
C102805,16-06-2024,Hyderabad,24,M,Instagram Ads,0
C102806,29-08-2025,Hyderabad,38,M,Google Ads  ,1
C102807,28-11-2025,Delhi,44,F,Google Ads,0
C102808,06-11-2024,Delhi,32,F,Instagram Ads,1
C102809,05-11-2024,Mumbai,23,M,Referral  ,1
C102810,24-10-2024,Delhi,30,F,Referral,0
C102811,17-05-2025,Bengaluru,24,M,Organic,0
C102812,15-03-2025,Mumbai,36,F,Offline Banner,0
C102813,06-11-2024,Bengaluru,30,F,Organic,0
C102814,13-11-2025,Mumbai,23,M,Instagram Ads  ,0
C102815,28-01-2025,Bengaluru,32,F,Instagram Ads,0
C102816,26-02-2024,Mumbai,25,M,Organic,0
C102817,28-04-2025,Delhi,20,F,Organic,0
C102818,21-04-2025,Bengaluru,37,F,Instagram Ads,0
C102819,26-12-2025,Bengaluru,33,F,Google Ads,0
C102820,24-08-2025,Pune,27,F,Organic,1
C102821,25-04-2024,Pune,41,F,Referral,0
C102822,02-10-2025,Hyderabad,25,F,Referral,1
C102823,29-10-2024,Hyderabad,27,F,Instagram Ads,0
C102824,30-08-2024,Delhi,34,M,Organic,1
C102825,06-06-2025,Delhi,38,M,Organic,0
C102826,28-11-2025,Pune,34,M,Influencer,0
C102827,09-03-2025,Delhi,26,M,Organic,0
C102828,06-11-2024,Mumbai,29,M,Referral,1
C102829,12-08-2024,Delhi,25,F,Organic,0
C102830,25-09-2025,Delhi,28,M,Referral,0
C102831,31-08-2024,Hyderabad,28,F,Instagram Ads,0
C102832,07-10-2025,Mumbai,,M,Influencer,0
C102833,24-08-2025,Mumbai,25,F,Referral  ,0
C102834,12-11-2025,Delhi,38,F,Referral,0
C102835,02-11-2024,Bengaluru,30,M,Offline Banner,0
C102836,26-04-2025,Hyderabad,24,F,Offline Banner,0
C102837,23-07-2025,Mumbai,34,M,Referral,0
C102838,16-04-2024,Hyderabad,30,F,Instagram Ads,0
C102839,25-03-2024,Delhi,27,M,Google Ads,0
C102840,03-06-2024,Hyderabad,42,F,Offline Banner,0
C102841,01-08-2025,Hyderabad,28,Other,Google Ads,0
C102842,25-12-2025,Chennai,27,F,Offline Banner,0
C102843,01-08-2025,Delhi,38,F,Instagram Ads,0
C102844,23-12-2025,Delhi,35,F,Referral,1
C102845,11-04-2025,Mumbai,37,M,Referral,1
C102846,22-09-2025,Delhi,26,M,Google Ads,0
C102847,30-09-2024,Delhi,32,M,Offline Banner,1
C102848,26-10-2025,Mumbai,19,M,Organic,0
C102849,16-08-2025,Mumbai,18,F,Instagram Ads,0
C102850,20-04-2025,Pune,,F,Google Ads,1
C102851,27-02-2025,Delhi,31,M,Organic,0
C102852,13-03-2025,Chennai,,F,Google Ads,0
C102853,01-11-2024,Pune,40,M,Influencer,0
C102854,14-02-2025,Pune,,M,Instagram Ads,0
C102855,11-07-2024,Chennai,38,F,Google Ads,0
C102856,04-03-2025,Hyderabad,20,M,Instagram Ads,0
C102857,23-10-2024,Hyderabad,43,M,Instagram Ads,0
C102858,05-06-2025,Mumbai,26,F,Google Ads,0
C102859,11-03-2025,Bengaluru,26,Other,Offline Banner,0
C102860,28-01-2025,Chennai,,F,Instagram Ads,0
C102861,10-12-2024,Mumbai,26,M,Instagram Ads,1
C102862,21-05-2025,Delhi,44,M,Google Ads,1
C102863,25-10-2025,Hyderabad,26,F,Organic,0
C102864,18-11-2024,Bengaluru,38,F,Organic,0
C102865,01-04-2025,Pune,31,F,Organic,0
C102866,12-04-2025,Delhi,36,F,Instagram Ads,0
C102867,22-09-2024,Bengaluru,22,F,Organic,0
C102868,11-09-2025,Delhi,18,F,Organic,0
C102869,09-10-2025,Pune,23,M,Referral,0
C102870,04-09-2025,Delhi,,F,Google Ads,0
C102871,23-08-2024,Pune,29,F,Influencer,0
C102872,04-10-2024,Delhi,27,M,Google Ads,0
C102873,23-12-2025,Delhi,,M,Instagram Ads,0
C102874,26-04-2024,Delhi,25,M,Google Ads,1
C102875,23-05-2025,Mumbai,31,F,Google Ads,1
C102876,30-05-2024,Bengaluru,29,M,Instagram Ads,0
C102877,16-06-2025,Delhi,28,F,Organic,1
C102878,21-07-2025,Mumbai,27,M,Influencer,1
C102879,20-06-2024,Delhi,31,F,Referral,0
C102880,05-12-2024,Pune,22,M,Referral,0
C102881,10-05-2024,Delhi,29,F,Influencer,0
C102882,08-11-2025,Mumbai,27,M,Organic,0
C102883,25-10-2024,Bengaluru,21,M,Google Ads,0
C102884,13-12-2025,Chennai,29,M,Organic,1
C102885,11-11-2024,Pune,18,M,Organic,0
C102886,13-09-2024,Pune,25,F,Google Ads,0
C102887,07-05-2024,Delhi,33,F,Google Ads,1
C102888,15-11-2024,Pune,34,M,Instagram Ads,1
C102889,22-09-2024,Hyderabad,31,M,Offline Banner,1
C102890,06-11-2025,Pune,32,F,Instagram Ads,1
C102891,02-07-2025,Mumbai,35,F,Instagram Ads,0
C102892,27-12-2025,Chennai,31,M,Referral,0
C102893,22-05-2025,Mumbai,40,M,Influencer,0
C102894,08-07-2024,Bengaluru,18,F,Google Ads,0
C102895,09-06-2025,Mumbai,37,M,Organic,0
C102896,02-05-2025,Mumbai,18,F,Organic,0
C102897,13-05-2025,Bengaluru,25,F,Organic,0
C102898,23-09-2024,Mumbai,36,M,Influencer,0
C102899,11-11-2025,Hyderabad,35,F,Instagram Ads,0
C102900,02-09-2025,Bengaluru,23,F,Offline Banner,0
C102901,29-12-2025,Hyderabad,30,M,Influencer,0
C102902,11-10-2025,Delhi,26,M,Offline Banner,0
C102903,22-02-2025,Chennai,37,F,Influencer,0
C102904,12-09-2025,Bengaluru,30,M,Influencer,0
C102905,31-08-2024,Delhi,,F,Instagram Ads,1
C102906,02-11-2024,Hyderabad,34,F,Google Ads,0
C102907,12-03-2024,Delhi,35,F,Google Ads,0
C102908,27-06-2024,Delhi,29,M,Instagram Ads,0
C102909,15-09-2025,Bengaluru,36,F,Organic,0
C102910,15-04-2025,Bengaluru,43,F,Instagram Ads,0
C102911,08-11-2024,Delhi,18,M,Instagram Ads,1
C102912,04-12-2025,Mumbai,40,M,Organic,0
C102913,17-09-2024,Chennai,42,M,Offline Banner,0
C102914,05-02-2025,Mumbai,34,F,Organic,0
C102915,24-05-2025,Delhi,28,M,Influencer,0
C102916,25-07-2024,Chennai,18,M,Referral,0
C102917,20-04-2025,Mumbai,31,F,Influencer,0
C102918,04-07-2025,Hyderabad,27,F,Referral,0
C102919,10-05-2025,Delhi,19,M,Offline Banner,0
C102920,26-06-2024,Bengaluru,25,F,Instagram Ads,1
C102921,21-06-2025,Mumbai,30,F,Influencer,1
C102922,04-01-2025,Chennai,33,F,Organic,0
C102923,09-09-2025,Mumbai,22,F,Referral,0
C102924,11-07-2025,Bengaluru,18,M,Organic,0
C102925,29-10-2025,Chennai,28,F,Influencer,0
C102926,11-09-2025,Chennai,23,M,Influencer,0
C102927,27-04-2025,Delhi,27,M,Instagram Ads,0
C102928,27-05-2025,Pune,18,F,Instagram Ads,0
C102929,08-04-2025,Mumbai,28,F,Instagram Ads,0
C102930,25-06-2024,Bengaluru,33,F,Instagram Ads,0
C102931,05-11-2025,Mumbai,27,M,Google Ads,0
C102932,05-07-2024,Mumbai,31,M,Organic,1
C102933,16-02-2025,Delhi,,M,Referral  ,0
C102934,03-11-2024,Bengaluru,18,M,Organic,0
C102935,18-11-2025,Bengaluru,31,F,Referral,0
C102936,01-04-2025,Delhi,24,F,Referral,0
C102937,12-07-2025,Bengaluru,20,F,Instagram Ads,0
C102938,10-05-2025,Chennai,36,M,Organic,1
C102939,01-07-2025,Hyderabad,33,M,Organic,0
C102940,01-12-2025,Bengaluru,26,F,Google Ads,0
C102941,15-06-2025,Chennai,29,F,Google Ads,0
C102942,08-09-2025,Bengaluru,32,F,Instagram Ads,1
C102943,19-06-2025,Delhi,,F,Influencer,1
C102944,09-11-2025,Bengaluru,21,F,Organic,1
C102945,16-10-2025,Delhi,22,M,Organic,0
C102946,22-12-2025,Hyderabad,34,F,Instagram Ads,0
C102947,01-04-2024,Chennai,,M,Instagram Ads,0
C102948,06-05-2025,Mumbai,35,M,Instagram Ads,0
C102949,13-10-2024,Mumbai,31,M,Instagram Ads,0
C102950,06-10-2025,Mumbai,22,M,Instagram Ads,0
C102951,31-12-2025,Mumbai,36,M,Instagram Ads,0
C102952,29-04-2025,Hyderabad,28,F,Referral,0
C102953,17-10-2024,Bengaluru,22,M,Google Ads,0
C102954,18-06-2025,Delhi,36,F,Referral,0
C102955,04-05-2025,Pune,41,F,Referral,1
C102956,20-09-2025,Delhi,36,Other,Organic,1
C102957,16-09-2024,Chennai,,F,Organic,0
C102958,02-12-2025,Mumbai,24,F,Google Ads,0
C102959,05-11-2025,Bengaluru,27,M,Influencer,0
C102960,23-01-2025,Delhi,23,F,Offline Banner,0
C102961,15-04-2025,Mumbai,,F,Google Ads  ,0
C102962,06-12-2024,Pune,42,F,Instagram Ads,1
C102963,30-05-2025,Mumbai,22,F,Influencer,0
C102964,20-09-2024,Pune,26,F,Offline Banner,0
C102965,19-08-2025,Bengaluru,41,M,Instagram Ads,0
C102966,05-10-2024,Chennai,34,F,Instagram Ads,1
C102967,13-04-2025,Chennai,22,F,Influencer,0
C102968,24-10-2025,Mumbai,30,M,Google Ads,0
C102969,20-02-2024,Bengaluru,18,F,Offline Banner,1
C102970,02-03-2025,Pune,29,F,Instagram Ads,0
C102971,21-06-2024,Delhi,31,M,Influencer,0
C102972,09-03-2025,Pune,32,F,Instagram Ads,0
C102973,27-09-2025,Bengaluru,46,M,Google Ads,0
C102974,14-11-2025,Hyderabad,36,M,Offline Banner,0
C102975,01-10-2025,Delhi,21,M,Instagram Ads,0
C102976,17-03-2025,Hyderabad,31,F,Instagram Ads,1
C102977,13-06-2025,Mumbai,30,M,Influencer,1
C102978,10-07-2025,Pune,45,M,Instagram Ads  ,0
C102979,10-10-2025,Bengaluru,27,F,Instagram Ads,1
C102980,07-01-2025,Mumbai,32,M,Google Ads,0
C102981,14-04-2025,Chennai,33,M,Organic,1
C102982,30-08-2024,Hyderabad,22,F,Organic,1
C102983,20-03-2025,Chennai,18,M,Influencer,0
C102984,24-12-2024,Mumbai,29,F,Referral,0
C102985,11-07-2025,Bengaluru,36,M,Google Ads,0
C102986,27-11-2025,Bengaluru,20,F,Google Ads,0
C102987,24-08-2025,Hyderabad,30,M,Influencer,1
C102988,07-12-2025,Delhi,25,F,Organic,0
C102989,31-12-2025,Mumbai,18,M,Offline Banner,0
C102990,23-10-2025,Pune,32,M,Offline Banner,1
C102991,10-02-2025,Mumbai,34,F,Google Ads,1
C102992,29-11-2025,Chennai,36,F,Referral,1
C102993,13-09-2024,Delhi,37,F,Organic,0
C102994,30-12-2024,Chennai,30,M,Instagram Ads  ,0
C102995,10-10-2025,Hyderabad,34,M,Instagram Ads,0
C102996,24-08-2025,Hyderabad,32,M,Influencer,1
C102997,17-12-2024,Mumbai,18,M,Referral,0
C102998,21-06-2024,Pune,19,M,Referral,0
C102999,21-04-2025,Bengaluru,25,Other,Referral,1
C103000,06-06-2025,Hyderabad,31,M,Organic,0
C103001,23-09-2024,Delhi,33,M,Instagram Ads,0
C103002,28-01-2025,Bengaluru,36,M,Organic,1
C103003,17-10-2025,Pune,36,F,Referral,0
C103004,18-09-2025,Delhi,32,M,Influencer,1
C103005,19-06-2024,Hyderabad,34,M,Referral,0
C103006,27-08-2024,Delhi,43,F,Offline Banner,0
C103007,04-08-2024,Chennai,34,M,Google Ads,0
C103008,15-07-2024,Chennai,30,M,Offline Banner,0
C103009,21-10-2025,Mumbai,34,M,Influencer,1
C103010,28-10-2024,Delhi,37,M,Referral,1
C103011,13-05-2024,Bengaluru,43,M,Google Ads,1
C103012,04-12-2025,Delhi,22,M,Google Ads,0
C103013,11-03-2025,Bengaluru,18,M,Organic,0
C103014,24-01-2025,Mumbai,32,M,Referral  ,0
C103015,03-08-2025,Mumbai,19,M,Google Ads,0
C103016,16-12-2024,Delhi,29,M,Organic,0
C103017,17-08-2024,Delhi,45,M,Organic,0
C103018,28-01-2025,Delhi,31,M,Instagram Ads,0
C103019,19-06-2024,Bengaluru,31,M,Instagram Ads,0
C103020,12-12-2025,Bengaluru,27,Other,Instagram Ads,1
C103021,10-12-2025,Delhi,43,F,Instagram Ads,1
C103022,26-08-2025,Bengaluru,34,F,Google Ads,0
C103023,01-09-2025,Pune,27,F,Influencer,0
C103024,04-08-2025,Mumbai,42,F,Google Ads,0
C103025,11-12-2024,Pune,32,F,Instagram Ads,0
C103026,18-08-2025,Bengaluru,27,F,Referral,0
C103027,24-10-2024,Delhi,18,F,Offline Banner,0
C103028,18-02-2025,Mumbai,32,F,Google Ads,1
C103029,20-08-2025,Bengaluru,27,M,Offline Banner,1
C103030,12-02-2025,Hyderabad,28,M,Instagram Ads,0
C103031,02-04-2025,Mumbai,28,M,Instagram Ads,0
C103032,23-12-2024,Chennai,18,F,Organic,0
C103033,25-08-2025,Hyderabad,51,M,Referral,1
C103034,19-05-2025,Mumbai,25,F,Organic,1
C103035,12-09-2025,Delhi,36,M,Influencer,0
C103036,15-07-2024,Delhi,29,M,Google Ads,1
C103037,24-10-2024,Bengaluru,18,M,Organic,0
C103038,29-08-2025,Bengaluru,29,F,Organic,0
C103039,10-11-2025,Hyderabad,,F,Influencer,1
C103040,24-12-2024,Hyderabad,26,M,Google Ads,0
C103041,01-11-2025,Delhi,42,F,Instagram Ads,0
C103042,25-07-2024,Bengaluru,45,M,Referral,0
C103043,26-02-2025,Delhi,33,F,Offline Banner,0
C103044,18-09-2025,Mumbai,34,F,Instagram Ads,1
C103045,28-10-2025,Hyderabad,21,F,Google Ads,1
C103046,26-05-2025,Mumbai,21,F,Google Ads,1
C103047,07-04-2024,Pune,25,M,Organic,0
C103048,01-12-2024,Chennai,47,M,Google Ads,1
C103049,09-02-2025,Bengaluru,26,F,Instagram Ads  ,0
C103050,17-05-2025,Delhi,41,M,Organic,0
C103051,26-04-2025,Mumbai,25,M,Instagram Ads,0
C103052,05-02-2025,Delhi,23,M,Instagram Ads,0
C103053,28-09-2025,Bengaluru,26,M,Google Ads,0
C103054,29-09-2025,Pune,26,F,Google Ads,0
C103055,24-08-2025,Bengaluru,25,M,Google Ads,0
C103056,17-05-2025,Hyderabad,43,F,Instagram Ads,0
C103057,26-01-2025,Hyderabad,30,F,Google Ads,0
C103058,02-01-2025,Pune,29,F,Influencer,0
C103059,24-12-2024,Mumbai,31,M,Google Ads,0
C103060,21-03-2025,Pune,38,M,Referral,0
C103061,21-02-2025,Bengaluru,31,F,Instagram Ads,1
C103062,04-09-2025,Mumbai,33,F,Instagram Ads,0
C103063,29-06-2025,Chennai,,M,Influencer,1
C103064,07-01-2025,Chennai,22,M,Google Ads,0
C103065,24-07-2024,Bengaluru,24,M,Google Ads,0
C103066,16-05-2024,Pune,31,F,Influencer,0
C103067,28-11-2024,Mumbai,25,F,Organic,1
C103068,19-12-2024,Mumbai,29,F,Organic,0
C103069,21-10-2025,Delhi,22,F,Organic,0
C103070,28-05-2025,Bengaluru,24,F,Instagram Ads,1
C103071,26-11-2025,Bengaluru,39,M,Offline Banner,1
C103072,13-07-2025,Delhi,28,F,Offline Banner,1
C103073,23-02-2025,Bengaluru,27,F,Instagram Ads,0
C103074,13-05-2025,Delhi,24,M,Influencer,1
C103075,07-05-2025,Delhi,23,M,Google Ads,1
C103076,19-11-2024,Mumbai,22,F,Organic,1
C103077,13-11-2024,Mumbai,20,F,Instagram Ads,1
C103078,14-04-2025,Mumbai,25,F,Referral,1
C103079,07-05-2025,Delhi,30,F,Instagram Ads,0
C103080,13-08-2025,Mumbai,36,M,Referral,0
C103081,06-05-2024,Delhi,30,F,Google Ads,0
C103082,07-12-2024,Mumbai,22,F,Referral,1
C103083,17-02-2025,Pune,26,M,Organic  ,0
C103084,12-08-2025,Delhi,26,M,Influencer,0
C103085,10-06-2025,Hyderabad,25,M,Instagram Ads,0
C103086,30-09-2025,Delhi,27,M,Influencer,1
C103087,21-11-2025,Mumbai,38,F,Google Ads,1
C103088,25-09-2025,Mumbai,36,M,Influencer,0
C103089,08-09-2025,Chennai,43,M,Referral,0
C103090,07-08-2025,Mumbai,23,M,Influencer,0
C103091,22-06-2024,Hyderabad,22,F,Organic,0
C103092,20-11-2025,Bengaluru,28,M,Referral,0
C103093,23-09-2025,Delhi,40,M,Google Ads,1
C103094,03-09-2024,Chennai,,M,Offline Banner,0
C103095,07-06-2025,Mumbai,,M,Influencer,0
C103096,11-10-2024,Delhi,28,M,Google Ads,1
C103097,13-05-2025,Mumbai,35,F,Instagram Ads,0
C103098,16-11-2025,Mumbai,34,M,Organic,0
C103099,21-04-2025,Delhi,35,M,Offline Banner,0
C103100,21-10-2024,Bengaluru,34,M,Google Ads,1
C103101,11-02-2025,Mumbai,53,F,Offline Banner,0
C103102,20-03-2025,Bengaluru,45,M,Instagram Ads,1
C103103,28-02-2025,Delhi,37,Other,Offline Banner,0
C103104,01-05-2024,Chennai,27,F,Organic,1
C103105,16-08-2024,Delhi,27,M,Google Ads,1
C103106,17-10-2025,Bengaluru,40,F,Google Ads,0
C103107,22-08-2025,Hyderabad,40,M,Organic,0
C103108,02-03-2024,Delhi,24,F,Referral,0
C103109,06-09-2024,Delhi,18,F,Offline Banner,0
C103110,24-06-2025,Delhi,18,F,Organic,1
C103111,06-08-2024,Delhi,40,M,Referral,0
C103112,06-06-2025,Delhi,41,F,Offline Banner,0
C103113,10-06-2025,Bengaluru,31,F,Referral,1
C103114,02-02-2024,Mumbai,33,M,Influencer,1
C103115,05-01-2025,Bengaluru,45,F,Influencer,0
C103116,30-06-2024,Delhi,47,M,Offline Banner,1
C103117,11-08-2024,Pune,36,F,Instagram Ads,0
C103118,31-12-2025,Delhi,30,F,Referral,0
C103119,08-10-2024,Mumbai,27,F,Referral,0
C103120,14-06-2024,Delhi,28,F,Referral,0
C103121,19-06-2025,Delhi,24,F,Referral,0
C103122,23-09-2025,Bengaluru,36,M,Influencer,0
C103123,24-06-2024,Hyderabad,29,F,Google Ads,0
C103124,24-11-2024,Bengaluru,,M,Referral  ,0
C103125,30-05-2025,Bengaluru,40,M,Instagram Ads,0
C103126,03-10-2025,Chennai,35,F,Google Ads  ,1
C103127,12-07-2025,Bengaluru,33,M,Organic,1
C103128,12-11-2024,Mumbai,29,M,Instagram Ads,0
C103129,02-05-2024,Delhi,34,F,Instagram Ads,0
C103130,21-10-2024,Delhi,28,M,Referral,1
C103131,14-01-2025,Bengaluru,53,M,Instagram Ads,0
C103132,27-06-2025,Mumbai,49,F,Instagram Ads,1
C103133,27-08-2025,Bengaluru,24,F,Influencer,0
C103134,10-02-2025,Delhi,28,M,Influencer,0
C103135,21-11-2025,Pune,,M,Google Ads,1
C103136,20-08-2024,Chennai,18,Other,Google Ads,0
C103137,24-06-2025,Mumbai,44,F,Offline Banner,0
C103138,23-07-2025,Pune,29,F,Instagram Ads,1
C103139,20-09-2024,Pune,22,M,Referral,1
C103140,15-06-2024,Chennai,18,M,Referral,0
C103141,11-02-2024,Mumbai,32,F,Influencer,1
C103142,16-10-2024,Hyderabad,33,M,Offline Banner,1
C103143,15-12-2025,Delhi,34,F,Google Ads,0
C103144,23-08-2024,Bengaluru,39,M,Google Ads,0
C103145,23-03-2024,Hyderabad,38,F,Organic,0
C103146,19-11-2025,Hyderabad,20,M,Offline Banner,0
C103147,28-09-2025,Delhi,22,M,Influencer,1
C103148,15-09-2025,Pune,38,F,Organic,0
C103149,22-03-2024,Mumbai,26,F,Influencer,0
C103150,11-10-2024,Delhi,,F,Instagram Ads,0
C103151,11-05-2024,Bengaluru,20,M,Google Ads,0
C103152,15-08-2025,Pune,38,F,Instagram Ads,0
C103153,02-12-2025,Chennai,38,F,Instagram Ads,0
C103154,13-02-2024,Hyderabad,32,M,Organic,1
C103155,08-08-2024,Delhi,23,M,Influencer  ,1
C103156,21-09-2025,Delhi,30,F,Organic,1
C103157,16-12-2025,Delhi,29,M,Organic,1
C103158,13-04-2024,Delhi,27,F,Instagram Ads,1
C103159,16-10-2025,Mumbai,36,M,Organic,0
C103160,10-11-2024,Mumbai,27,F,Referral,1
C103161,05-10-2024,Delhi,35,M,Organic,0
C103162,14-08-2025,Pune,33,M,Google Ads,0
C103163,22-05-2024,Bengaluru,19,M,Referral,0
C103164,27-07-2024,Hyderabad,46,M,Google Ads,0
C103165,08-04-2025,Mumbai,,M,Referral,0
C103166,12-04-2025,Mumbai,18,M,Instagram Ads  ,0
C103167,12-12-2025,Mumbai,19,M,Google Ads,0
C103168,13-12-2024,Mumbai,43,M,Google Ads,1
C103169,01-08-2024,Bengaluru,32,M,Organic,0
C103170,21-11-2024,Bengaluru,35,M,Organic,1
C103171,14-11-2024,Pune,34,F,Offline Banner,0
C103172,09-10-2025,Pune,39,M,Organic,0
C103173,30-03-2025,Mumbai,40,M,Google Ads,0
C103174,18-07-2024,Delhi,23,M,Influencer,1
C103175,17-07-2025,Chennai,35,M,Referral  ,1
C103176,29-07-2024,Hyderabad,19,F,Instagram Ads,0
C103177,14-06-2025,Bengaluru,22,M,Organic,1
C103178,22-02-2024,Hyderabad,28,M,Instagram Ads,1
C103179,17-10-2025,Delhi,18,F,Instagram Ads,0
C103180,30-09-2024,Delhi,24,F,Organic,0
C103181,28-10-2025,Delhi,18,F,Organic,1
C103182,15-09-2025,Delhi,,M,Influencer,0
C103183,07-10-2024,Mumbai,,F,Google Ads,0
C103184,14-05-2025,Delhi,,M,Influencer,0
C103185,23-08-2025,Pune,31,F,Organic,0
C103186,10-04-2025,Bengaluru,28,M,Influencer,0
C103187,21-10-2025,Mumbai,38,M,Organic,0
C103188,01-02-2025,Delhi,30,F,Referral,1
C103189,06-06-2024,Bengaluru,22,F,Instagram Ads,1
C103190,17-08-2024,Delhi,32,F,Organic,0
C103191,05-12-2024,Hyderabad,43,M,Organic,0
C103192,24-07-2024,Pune,19,F,Google Ads,0
C103193,28-05-2024,Bengaluru,23,F,Organic,1
C103194,06-10-2024,Delhi,30,M,Referral,0
C103195,08-07-2025,Hyderabad,28,M,Referral,0
C103196,27-05-2025,Mumbai,,F,Google Ads  ,0
C103197,04-11-2024,Delhi,23,M,Instagram Ads  ,0
C103198,15-07-2024,Mumbai,26,F,Instagram Ads,0
C103199,21-09-2024,Chennai,31,M,Organic,1
C103200,14-05-2025,Mumbai,31,F,Google Ads,0
C103201,19-07-2024,Pune,51,F,Instagram Ads,0
C103202,28-01-2025,Delhi,37,M,Offline Banner,1
C103203,18-04-2025,Delhi,18,M,Instagram Ads,0
C103204,06-05-2025,Hyderabad,22,M,Organic,0
C103205,21-04-2025,Delhi,20,M,Offline Banner,0
C103206,29-10-2025,Mumbai,43,M,Referral,0
C103207,05-12-2025,Delhi,22,F,Influencer,1
C103208,12-11-2025,Mumbai,,F,Offline Banner  ,1
C103209,21-12-2025,Mumbai,34,F,Influencer,0
C103210,16-12-2024,Hyderabad,19,M,Referral,0
C103211,30-07-2025,Hyderabad,27,F,Google Ads  ,1
C103212,24-02-2025,Chennai,28,M,Referral,0
C103213,28-08-2025,Hyderabad,18,M,Influencer,0
C103214,08-08-2025,Hyderabad,45,M,Influencer,0
C103215,17-09-2025,Hyderabad,32,F,Influencer,1
C103216,22-04-2024,Pune,43,M,Referral,0
C103217,13-12-2024,Mumbai,48,Other,Referral  ,0
C103218,22-09-2025,Mumbai,,F,Google Ads,0
C103219,12-07-2024,Hyderabad,33,M,Instagram Ads,0
C103220,06-03-2025,Delhi,24,M,Organic,0
C103221,17-08-2024,Chennai,41,M,Google Ads,0
C103222,04-09-2025,Bengaluru,30,F,Google Ads,0
C103223,14-11-2024,Mumbai,27,F,Influencer,0
C103224,02-07-2025,Hyderabad,24,M,Instagram Ads  ,0
C103225,06-06-2024,Mumbai,31,M,Offline Banner,1
C103226,20-04-2025,Chennai,35,F,Instagram Ads,0
C103227,19-08-2024,Chennai,32,M,Offline Banner,0
C103228,16-10-2025,Bengaluru,34,F,Referral  ,0
C103229,04-10-2024,Delhi,29,F,Instagram Ads,0
C103230,17-06-2025,Mumbai,35,M,Organic,0
C103231,24-10-2024,Bengaluru,34,F,Influencer,0
C103232,17-06-2025,Pune,40,F,Google Ads,0
C103233,11-11-2024,Delhi,37,M,Organic,0
C103234,03-04-2025,Delhi,32,F,Offline Banner,0
C103235,31-07-2024,Delhi,34,F,Google Ads,1
C103236,15-09-2024,Bengaluru,21,F,Influencer,1
C103237,23-12-2024,Pune,41,M,Google Ads,0
C103238,07-12-2024,Delhi,29,Other,Google Ads,1
C103239,22-07-2025,Delhi,30,M,Google Ads,1
C103240,02-07-2025,Hyderabad,27,M,Referral,0
C103241,15-09-2024,Pune,23,M,Instagram Ads,1
C103242,26-01-2025,Pune,24,M,Google Ads,0
C103243,26-11-2025,Hyderabad,22,F,Referral,0
C103244,06-09-2025,Delhi,29,F,Organic,1
C103245,06-04-2024,Mumbai,37,F,Organic,0
C103246,27-04-2024,Chennai,30,M,Referral,0
C103247,08-10-2024,Chennai,36,F,Google Ads,0
C103248,29-03-2025,Bengaluru,34,M,Offline Banner,0
C103249,30-11-2024,Hyderabad,27,M,Google Ads,0
C103250,27-07-2024,Chennai,40,F,Instagram Ads,0
C103251,13-05-2024,Mumbai,38,M,Referral,0
C103252,05-10-2025,Delhi,37,M,Organic,0
C103253,29-05-2025,Bengaluru,34,F,Instagram Ads,0
C103254,15-07-2025,Chennai,28,F,Google Ads,1
C103255,20-10-2024,Hyderabad,28,F,Influencer,1
C103256,02-12-2025,Pune,30,F,Referral,0
C103257,10-01-2025,Mumbai,42,M,Google Ads,0
C103258,14-06-2025,Delhi,39,M,Offline Banner,0
C103259,24-11-2024,Delhi,19,F,Instagram Ads,0
C103260,16-04-2025,Chennai,33,M,Organic,1
C103261,26-11-2025,Bengaluru,18,F,Google Ads,0
C103262,17-05-2025,Delhi,27,M,Instagram Ads,0
C103263,02-06-2025,Chennai,25,F,Instagram Ads,0
C103264,08-09-2024,Bengaluru,35,M,Organic,1
C103265,10-11-2025,Pune,22,M,Instagram Ads,0
C103266,17-06-2025,Bengaluru,18,F,Referral,0
C103267,18-10-2024,Delhi,27,M,Offline Banner  ,1
C103268,30-01-2025,Bengaluru,30,F,Influencer,0
C103269,30-07-2025,Chennai,18,F,Google Ads,1
C103270,02-10-2025,Delhi,40,F,Instagram Ads,1
C103271,07-10-2025,Pune,,M,Referral,0
C103272,26-07-2024,Delhi,31,F,Google Ads,0
C103273,13-03-2025,Mumbai,39,F,Offline Banner,0
C103274,02-06-2025,Mumbai,25,F,Offline Banner,1
C103275,04-10-2024,Pune,42,F,Google Ads,1
C103276,17-09-2025,Bengaluru,31,F,Instagram Ads  ,0
C103277,27-11-2025,Mumbai,37,F,Offline Banner,0
C103278,14-12-2024,Pune,34,M,Influencer,0
C103279,23-09-2024,Delhi,36,Other,Referral,0
C103280,12-06-2025,Delhi,31,M,Google Ads,1
C103281,06-03-2025,Delhi,27,Other,Referral,1
C103282,22-05-2024,Hyderabad,46,M,Offline Banner,0
C103283,09-08-2024,Bengaluru,30,M,Instagram Ads,0
C103284,05-02-2025,Pune,22,F,Influencer,1
C103285,02-09-2024,Bengaluru,42,M,Instagram Ads,0
C103286,31-01-2025,Delhi,28,M,Offline Banner,0
C103287,23-12-2024,Pune,18,F,Referral,0
C103288,07-11-2024,Mumbai,24,F,Instagram Ads,0
C103289,05-09-2024,Chennai,18,M,Instagram Ads,0
C103290,27-05-2024,Delhi,24,M,Referral,0
C103291,11-04-2025,Delhi,45,M,Google Ads,0
C103292,27-11-2025,Bengaluru,34,M,Organic,0
C103293,22-01-2024,Delhi,30,F,Google Ads,0
C103294,16-02-2025,Delhi,26,M,Instagram Ads,0
C103295,17-03-2025,Bengaluru,29,M,Referral,0
C103296,15-05-2025,Delhi,39,F,Referral,0
C103297,06-08-2024,Delhi,18,F,Referral,0
C103298,09-02-2025,Mumbai,54,F,Referral,1
C103299,26-06-2025,Mumbai,,M,Referral,0
C103300,13-09-2025,Mumbai,29,F,Referral,0
C103301,27-01-2025,Delhi,29,F,Instagram Ads  ,0
C103302,27-08-2025,Bengaluru,29,M,Instagram Ads,1
C103303,14-07-2025,Hyderabad,25,M,Instagram Ads,0
C103304,20-07-2025,Bengaluru,37,Other,Organic,0
C103305,11-01-2025,Mumbai,40,F,Referral,1
C103306,12-04-2024,Delhi,38,F,Google Ads,0
C103307,07-10-2025,Bengaluru,31,F,Influencer,1
C103308,02-06-2024,Pune,26,M,Google Ads,1
C103309,25-04-2025,Mumbai,29,M,Referral  ,0
C103310,13-10-2025,Delhi,30,F,Instagram Ads,0
C103311,08-01-2025,Delhi,23,M,Organic,0
C103312,05-11-2025,Chennai,32,M,Organic,1
C103313,22-11-2024,Hyderabad,45,M,Influencer,0
C103314,16-06-2025,Mumbai,29,F,Influencer  ,0
C103315,23-12-2024,Mumbai,34,F,Organic,0
C103316,19-06-2025,Pune,25,M,Influencer,0
C103317,02-08-2024,Delhi,38,F,Google Ads,0
C103318,24-06-2025,Bengaluru,25,M,Google Ads,0
C103319,13-01-2025,Hyderabad,27,M,Offline Banner,0
C103320,17-07-2025,Mumbai,,M,Offline Banner,0
C103321,20-09-2024,Delhi,23,F,Referral,1
C103322,06-09-2025,Delhi,34,M,Google Ads,0
C103323,15-05-2024,Pune,39,M,Influencer,0
C103324,06-11-2024,Bengaluru,32,M,Google Ads,0
C103325,20-12-2024,Pune,37,M,Instagram Ads,1
C103326,09-08-2025,Bengaluru,20,F,Organic,0
C103327,25-03-2025,Chennai,34,M,Instagram Ads,1
C103328,22-09-2025,Pune,27,M,Google Ads,0
C103329,01-06-2025,Bengaluru,34,M,Influencer,0
C103330,27-07-2025,Mumbai,43,M,Google Ads,0
C103331,05-09-2024,Bengaluru,18,F,Offline Banner,0
C103332,05-09-2025,Bengaluru,26,M,Offline Banner,1
C103333,21-01-2025,Bengaluru,18,M,Influencer,0
C103334,04-09-2024,Pune,21,M,Offline Banner,0
C103335,15-03-2024,Delhi,27,M,Referral,0
C103336,08-05-2025,Mumbai,37,M,Referral,0
C103337,16-08-2025,Hyderabad,37,F,Influencer  ,0
C103338,19-01-2025,Delhi,37,M,Referral,1
C103339,04-10-2025,Mumbai,35,F,Google Ads,1
C103340,13-04-2025,Chennai,20,F,Organic,0
C103341,17-03-2024,Bengaluru,37,M,Organic,0
C103342,06-11-2025,Chennai,25,F,Organic,1
C103343,30-09-2025,Hyderabad,34,F,Organic,0
C103344,17-03-2025,Hyderabad,23,F,Organic,0
C103345,14-02-2024,Bengaluru,29,F,Organic,0
C103346,03-12-2025,Delhi,30,M,Referral,1
C103347,20-01-2025,Bengaluru,33,M,Instagram Ads,0
C103348,30-11-2024,Delhi,24,F,Influencer,1
C103349,04-09-2025,Chennai,36,M,Instagram Ads,0
C103350,02-05-2024,Mumbai,20,M,Offline Banner,0
C103351,16-06-2025,Delhi,44,F,Influencer,1
C103352,20-04-2025,Bengaluru,24,M,Organic,0
C103353,25-04-2024,Bengaluru,18,M,Offline Banner,0
C103354,20-06-2025,Delhi,30,M,Organic,0
C103355,07-01-2025,Delhi,,M,Instagram Ads,0
C103356,28-08-2025,Pune,23,M,Referral,1
C103357,31-03-2024,Bengaluru,,F,Google Ads,0
C103358,03-06-2025,Delhi,37,Other,Google Ads,0
C103359,31-08-2025,Mumbai,34,M,Referral,0
C103360,25-08-2025,Delhi,23,M,Organic  ,1
C103361,04-05-2024,Delhi,26,F,Referral,1
C103362,13-11-2024,Chennai,26,F,Referral,1
C103363,29-11-2024,Mumbai,18,F,Google Ads,0
C103364,27-05-2025,Delhi,33,F,Referral,0
C103365,18-04-2025,Chennai,33,M,Google Ads,0
C103366,15-10-2024,Hyderabad,31,F,Google Ads,0
C103367,20-12-2025,Delhi,32,M,Organic,0
C103368,26-05-2024,Mumbai,21,F,Google Ads,1
C103369,10-10-2024,Pune,23,F,Instagram Ads,1
C103370,07-06-2025,Mumbai,28,F,Google Ads,0
C103371,25-07-2025,Bengaluru,42,F,Organic,0
C103372,07-10-2025,Bengaluru,40,F,Influencer,0
C103373,06-07-2025,Mumbai,35,F,Offline Banner,0
C103374,24-06-2025,Bengaluru,47,M,Organic,1
C103375,17-04-2024,Mumbai,35,F,Google Ads,0
C103376,13-09-2024,Delhi,36,F,Google Ads  ,0
C103377,03-06-2025,Pune,42,F,Instagram Ads,1
C103378,23-06-2025,Delhi,36,M,Organic,1
C103379,22-02-2025,Mumbai,44,F,Referral,0
C103380,14-02-2025,Bengaluru,31,M,Organic,0
C103381,22-04-2025,Hyderabad,25,F,Instagram Ads,1
C103382,31-10-2025,Mumbai,30,F,Google Ads,0
C103383,04-02-2025,Hyderabad,32,F,Google Ads,1
C103384,02-07-2025,Delhi,23,F,Influencer,0
C103385,09-01-2025,Bengaluru,25,M,Instagram Ads,0
C103386,25-01-2025,Pune,27,F,Organic,0
C103387,18-08-2024,Pune,22,Other,Instagram Ads,0
C103388,23-06-2024,Bengaluru,26,M,Referral,1
C103389,18-04-2025,Mumbai,36,M,Instagram Ads,0
C103390,20-05-2025,Delhi,37,F,Instagram Ads,1
C103391,13-12-2024,Mumbai,19,M,Instagram Ads,0
C103392,10-09-2025,Bengaluru,33,M,Google Ads,0
C103393,30-12-2024,Delhi,30,M,Google Ads,0
C103394,18-07-2025,Chennai,39,F,Influencer,0
C103395,23-09-2024,Pune,28,M,Instagram Ads,0
C103396,11-03-2025,Delhi,21,F,Instagram Ads,0
C103397,02-11-2025,Bengaluru,27,F,Organic,0
C103398,11-02-2025,Hyderabad,21,F,Organic,1
C103399,10-11-2024,Delhi,18,M,Google Ads,0
C103400,24-12-2024,Bengaluru,30,M,Organic,0
C103401,17-10-2024,Mumbai,35,M,Organic,0
C103402,28-03-2025,Delhi,32,F,Google Ads,0
C103403,23-08-2024,Bengaluru,20,M,Referral,1
C103404,15-01-2025,Chennai,20,M,Instagram Ads,0
C103405,05-07-2025,Mumbai,32,M,Instagram Ads,1
C103406,19-01-2025,Bengaluru,44,M,Offline Banner,0
C103407,09-12-2024,Mumbai,41,F,Google Ads,0
C103408,20-05-2025,Pune,28,F,Google Ads,1
C103409,25-11-2025,Pune,32,F,Offline Banner,1
C103410,01-10-2025,Delhi,38,M,Organic,0
C103411,29-08-2024,Pune,29,F,Referral,0
C103412,06-08-2025,Delhi,20,M,Organic,0
C103413,03-09-2024,Delhi,18,F,Organic,0
C103414,01-10-2025,Bengaluru,32,M,Organic,0
C103415,12-12-2025,Mumbai,29,F,Instagram Ads,0
C103416,14-07-2025,Bengaluru,18,M,Google Ads,1
C103417,25-05-2025,Bengaluru,19,M,Google Ads,0
C103418,08-02-2025,Delhi,28,M,Instagram Ads,0
C103419,16-06-2025,Mumbai,26,M,Google Ads,1
C103420,24-06-2025,Mumbai,42,M,Organic,0
C103421,05-12-2025,Mumbai,42,F,Instagram Ads,0
C103422,30-01-2025,Delhi,24,M,Google Ads,0
C103423,17-03-2025,Delhi,43,M,Organic,1
C103424,23-09-2025,Pune,43,M,Referral,0
C103425,06-02-2024,Chennai,33,M,Influencer,1
C103426,01-01-2025,Delhi,23,M,Influencer,0
C103427,22-06-2024,Delhi,31,M,Offline Banner,0
C103428,29-10-2024,Bengaluru,18,M,Referral,0
C103429,02-12-2024,Chennai,26,M,Organic,0
C103430,06-01-2025,Mumbai,33,F,Influencer,0
C103431,23-07-2025,Pune,34,M,Influencer,1
C103432,29-07-2025,Bengaluru,27,F,Organic,0
C103433,19-06-2025,Chennai,31,F,Referral,1
C103434,04-09-2025,Delhi,22,F,Google Ads,0
C103435,03-11-2024,Chennai,42,M,Influencer,0
C103436,07-12-2025,Mumbai,42,F,Organic,0
C103437,15-08-2025,Chennai,36,F,Influencer,0
C103438,16-05-2024,Mumbai,28,M,Instagram Ads,0
C103439,24-01-2025,Bengaluru,24,M,Google Ads,0
C103440,27-05-2024,Pune,37,M,Google Ads,0
C103441,05-10-2025,Hyderabad,32,M,Influencer,1
C103442,27-12-2025,Bengaluru,22,F,Influencer,0
C103443,14-10-2024,Mumbai,39,F,Google Ads,0
C103444,19-06-2025,Hyderabad,27,M,Organic,0
C103445,10-04-2025,Chennai,24,M,Instagram Ads,0
C103446,02-10-2024,Delhi,38,M,Google Ads,0
C103447,15-07-2025,Bengaluru,24,M,Referral,0
C103448,30-05-2025,Pune,32,M,Organic,0
C103449,24-08-2024,Bengaluru,,M,Influencer,1
C103450,28-03-2025,Pune,40,M,Google Ads,1
C103451,14-12-2024,Pune,33,F,Referral,0
C103452,11-12-2024,Hyderabad,21,F,Organic,0
C103453,12-11-2025,Hyderabad,27,F,Google Ads,0
C103454,10-11-2024,Chennai,50,F,Offline Banner,0
C103455,20-03-2024,Pune,38,M,Influencer,0
C103456,24-09-2024,Pune,29,F,Google Ads,0
C103457,24-05-2025,Delhi,20,M,Referral,0
C103458,26-05-2024,Delhi,18,F,Instagram Ads,0
C103459,18-06-2024,Bengaluru,40,M,Referral,0
C103460,15-06-2025,Hyderabad,40,M,Organic,0
C103461,13-04-2025,Mumbai,30,M,Instagram Ads,0
C103462,11-05-2025,Delhi,27,M,Influencer,0
C103463,06-04-2024,Mumbai,40,M,Referral,1
C103464,25-08-2024,Hyderabad,19,M,Offline Banner,0
C103465,09-01-2025,Pune,46,F,Instagram Ads,0
C103466,27-08-2025,Chennai,36,M,Influencer,0
C103467,26-02-2025,Mumbai,20,M,Influencer,0
C103468,30-03-2024,Mumbai,37,F,Instagram Ads,0
C103469,13-12-2025,Mumbai,25,M,Google Ads,0
C103470,27-08-2025,Mumbai,20,F,Influencer,0
C103471,13-04-2025,Bengaluru,37,F,Referral,0
C103472,21-06-2024,Mumbai,22,Other,Google Ads,1
C103473,06-04-2025,Delhi,20,M,Offline Banner,0
C103474,12-05-2025,Mumbai,34,M,Instagram Ads,1
C103475,17-02-2025,Delhi,,F,Referral,1
C103476,13-03-2025,Delhi,39,M,Organic,1
C103477,09-02-2024,Mumbai,28,M,Organic,0
C103478,21-12-2024,Delhi,27,M,Google Ads,1
C103479,20-02-2024,Mumbai,18,F,Referral,0
C103480,24-08-2025,Mumbai,35,M,Organic,0
C103481,05-12-2025,Bengaluru,30,F,Referral  ,1
C103482,09-08-2025,Chennai,40,M,Organic,0
C103483,12-12-2024,Bengaluru,37,F,Google Ads,0
C103484,15-03-2024,Bengaluru,33,M,Influencer,0
C103485,06-04-2024,Chennai,,M,Referral,0
C103486,14-12-2025,Mumbai,27,M,Offline Banner,1
C103487,31-07-2024,Delhi,35,M,Instagram Ads,0
C103488,02-01-2025,Mumbai,30,M,Google Ads,0
C103489,18-03-2025,Mumbai,,M,Instagram Ads,1
C103490,11-03-2024,Bengaluru,41,F,Referral,0
C103491,20-05-2025,Delhi,28,F,Google Ads,1
C103492,24-08-2024,Pune,31,F,Organic,0
C103493,27-07-2024,Delhi,24,Other,Influencer,0
C103494,11-12-2025,Pune,30,F,Instagram Ads,0
C103495,30-06-2025,Chennai,38,M,Instagram Ads,0
C103496,03-12-2024,Chennai,26,F,Influencer,0
C103497,16-12-2025,Pune,28,F,Google Ads,0
C103498,28-09-2024,Delhi,21,F,Google Ads,0
C103499,08-11-2024,Hyderabad,26,F,Instagram Ads,0
C103500,31-07-2025,Delhi,35,F,Google Ads,0
C103501,24-08-2025,Pune,29,F,Instagram Ads,0
C103502,23-05-2025,Mumbai,21,F,Organic,1
C103503,04-05-2025,Mumbai,32,F,Referral,0
C103504,12-04-2024,Chennai,30,M,Influencer,0
C103505,09-07-2025,Delhi,39,F,Google Ads,0
C103506,27-12-2024,Delhi,,F,Referral,0
C103507,15-05-2025,Mumbai,23,M,Google Ads,0
C103508,21-09-2025,Hyderabad,38,M,Offline Banner,0
C103509,17-08-2024,Bengaluru,23,F,Referral,0
C103510,10-10-2024,Bengaluru,20,M,Instagram Ads,0
C103511,05-09-2024,Pune,22,M,Google Ads,0
C103512,11-01-2025,Delhi,26,M,Instagram Ads,1
C103513,04-12-2025,Bengaluru,18,F,Instagram Ads,1
C103514,16-06-2024,Hyderabad,18,M,Referral,0
C103515,16-10-2025,Bengaluru,37,F,Google Ads,0
C103516,20-12-2025,Mumbai,29,F,Offline Banner,1
C103517,06-02-2025,Delhi,29,M,Instagram Ads,1
C103518,31-01-2025,Delhi,30,M,Influencer,1
C103519,27-12-2024,Delhi,35,F,Google Ads,0
C103520,07-10-2025,Mumbai,24,F,Instagram Ads,0
C103521,29-07-2024,Delhi,35,M,Offline Banner,0
C103522,16-04-2024,Mumbai,31,F,Influencer,0
C103523,02-07-2025,Delhi,,F,Organic,0
C103524,15-07-2025,Hyderabad,35,F,Organic,0
C103525,22-11-2024,Pune,31,M,Offline Banner,1
C103526,16-09-2025,Mumbai,22,M,Referral,0
C103527,21-07-2024,Bengaluru,23,F,Instagram Ads,0
C103528,22-08-2025,Chennai,,M,Instagram Ads,1
C103529,23-11-2025,Bengaluru,39,M,Organic,0
C103530,09-03-2025,Chennai,33,M,Organic,0
C103531,01-02-2025,Delhi,,F,Organic,0
C103532,17-06-2025,Pune,40,M,Instagram Ads  ,1
C103533,31-07-2025,Bengaluru,29,M,Offline Banner,0
C103534,06-03-2025,Delhi,32,F,Referral,0
C103535,26-07-2024,Chennai,36,M,Organic,1
C103536,08-04-2024,Chennai,21,M,Instagram Ads,0
C103537,12-03-2025,Mumbai,39,F,Offline Banner,0
C103538,10-08-2025,Chennai,41,M,Referral,0
C103539,30-06-2025,Delhi,25,F,Referral,1
C103540,10-09-2025,Hyderabad,53,M,Offline Banner,0
C103541,03-01-2025,Delhi,37,M,Offline Banner,0
C103542,16-05-2025,Delhi,29,F,Instagram Ads,0
C103543,17-09-2025,Hyderabad,18,Other,Offline Banner,0
C103544,19-05-2024,Mumbai,30,M,Organic,1
C103545,08-02-2025,Delhi,34,F,Instagram Ads,0
C103546,19-11-2024,Mumbai,33,M,Instagram Ads,0
C103547,21-03-2025,Delhi,20,M,Google Ads,1
C103548,20-10-2024,Hyderabad,25,M,Referral,1
C103549,08-07-2025,Delhi,36,F,Organic,0
C103550,23-09-2025,Pune,35,M,Instagram Ads,0
C103551,05-09-2025,Mumbai,38,M,Influencer,0
C103552,18-10-2025,Mumbai,31,F,Influencer,1
C103553,04-07-2025,Mumbai,30,M,Organic,0
C103554,10-02-2025,Bengaluru,35,M,Offline Banner,0
C103555,18-04-2025,Delhi,31,M,Influencer,1
C103556,20-12-2025,Mumbai,18,F,Instagram Ads,0
C103557,14-08-2024,Mumbai,43,M,Influencer,1
C103558,23-08-2024,Pune,38,Other,Offline Banner,0
C103559,11-03-2025,Delhi,34,M,Instagram Ads,0
C103560,03-11-2024,Pune,20,M,Offline Banner,1
C103561,13-04-2025,Delhi,,F,Instagram Ads,0
C103562,29-09-2024,Delhi,27,F,Referral,0
C103563,17-01-2025,Delhi,37,M,Organic,1
C103564,03-05-2024,Delhi,35,M,Influencer,0
C103565,07-02-2025,Bengaluru,28,M,Organic,1
C103566,28-12-2024,Chennai,39,F,Referral,0
C103567,05-12-2024,Delhi,21,F,Organic,1
C103568,24-09-2024,Mumbai,31,M,Organic  ,0
C103569,15-11-2024,Mumbai,44,F,Referral  ,0
C103570,03-04-2025,Mumbai,34,M,Referral  ,0
C103571,28-02-2025,Mumbai,38,M,Influencer  ,1
C103572,13-10-2025,Pune,,M,Google Ads,0
C103573,21-09-2025,Delhi,30,F,Referral,0
C103574,20-05-2024,Hyderabad,21,M,Instagram Ads,0
C103575,07-02-2025,Delhi,29,F,Organic,0
C103576,12-09-2024,Mumbai,36,F,Instagram Ads,1
C103577,28-08-2025,Mumbai,22,F,Referral,0
C103578,05-09-2024,Mumbai,,F,Instagram Ads,0
C103579,12-06-2025,Delhi,34,M,Instagram Ads,0
C103580,22-05-2025,Delhi,37,F,Referral,1
C103581,26-06-2025,Mumbai,47,M,Google Ads,1
C103582,11-08-2025,Pune,28,F,Google Ads  ,0
C103583,21-02-2025,Delhi,29,M,Instagram Ads,0
C103584,01-04-2025,Hyderabad,37,M,Offline Banner,0
C103585,08-07-2025,Mumbai,35,M,Instagram Ads,0
C103586,21-07-2025,Pune,28,M,Influencer,0
C103587,13-09-2025,Mumbai,30,M,Organic,0
C103588,09-09-2024,Delhi,25,F,Instagram Ads,1
C103589,05-04-2025,Chennai,21,F,Referral,0
C103590,30-06-2024,Delhi,29,F,Offline Banner,0
C103591,19-09-2025,Bengaluru,43,M,Organic,0
C103592,05-08-2024,Bengaluru,25,M,Instagram Ads,0
C103593,23-08-2025,Mumbai,19,F,Referral,0
C103594,08-03-2025,Chennai,22,M,Referral,0
C103595,06-07-2025,Pune,35,F,Influencer,1
C103596,04-11-2025,Pune,34,M,Offline Banner,1
C103597,13-05-2025,Chennai,41,Other,Instagram Ads,0
C103598,09-02-2025,Mumbai,39,M,Google Ads,0
C103599,23-05-2025,Delhi,33,M,Google Ads,1
C103600,28-07-2025,Hyderabad,36,F,Offline Banner,1
C103601,27-01-2025,Mumbai,25,M,Referral,0
C103602,21-11-2025,Delhi,36,F,Influencer,1
C103603,16-08-2025,Bengaluru,30,M,Google Ads,0
C103604,06-08-2024,Chennai,37,M,Organic,0
C103605,12-09-2025,Delhi,34,M,Google Ads,0
C103606,07-03-2024,Pune,27,M,Offline Banner,0
C103607,05-11-2024,Mumbai,22,F,Referral,0
C103608,30-06-2025,Delhi,,F,Influencer,0
C103609,22-06-2024,Pune,32,F,Google Ads,1
C103610,18-03-2025,Chennai,24,F,Organic,1
C103611,12-08-2025,Mumbai,29,M,Google Ads,0
C103612,28-07-2025,Mumbai,39,M,Instagram Ads,0
C103613,20-02-2025,Mumbai,40,F,Google Ads,0
C103614,24-06-2025,Pune,34,M,Referral,0
C103615,22-11-2025,Delhi,41,M,Instagram Ads,0
C103616,18-10-2024,Delhi,20,F,Instagram Ads  ,0
C103617,20-10-2025,Hyderabad,41,F,Referral,1
C103618,24-03-2025,Mumbai,20,M,Google Ads,1
C103619,17-06-2025,Mumbai,31,F,Referral,0
C103620,17-11-2025,Pune,24,F,Referral,0
C103621,05-09-2024,Chennai,36,F,Instagram Ads  ,1
C103622,15-02-2025,Chennai,18,F,Instagram Ads,0
C103623,17-06-2025,Mumbai,,M,Influencer,0
C103624,03-07-2024,Chennai,25,F,Instagram Ads,0
C103625,04-04-2024,Hyderabad,25,M,Organic,1
C103626,14-09-2025,Delhi,26,F,Google Ads,0
C103627,08-02-2025,Bengaluru,25,F,Offline Banner  ,0
C103628,25-10-2025,Delhi,36,F,Instagram Ads,0
C103629,17-06-2025,Hyderabad,30,F,Influencer,0
C103630,06-10-2024,Hyderabad,43,M,Referral,0
C103631,27-10-2024,Hyderabad,32,F,Instagram Ads,0
C103632,21-12-2024,Delhi,38,F,Google Ads,0
C103633,10-10-2024,Bengaluru,35,M,Google Ads,0
C103634,09-04-2025,Delhi,23,M,Google Ads,0
C103635,14-03-2024,Chennai,26,F,Google Ads,0
C103636,28-08-2025,Bengaluru,38,F,Offline Banner,0
C103637,16-11-2025,Delhi,18,F,Google Ads,0
C103638,13-07-2025,Delhi,,F,Google Ads,1
C103639,07-06-2025,Bengaluru,29,M,Organic  ,0
C103640,11-07-2024,Mumbai,25,M,Influencer,0
C103641,25-03-2025,Hyderabad,,F,Instagram Ads,0
C103642,27-05-2025,Mumbai,43,F,Organic,0
C103643,11-04-2025,Bengaluru,18,M,Referral,0
C103644,06-08-2025,Delhi,21,F,Instagram Ads,0
C103645,31-05-2025,Bengaluru,,F,Google Ads,0
C103646,30-11-2025,Chennai,27,F,Instagram Ads,0
C103647,24-11-2025,Bengaluru,26,F,Google Ads,1
C103648,27-09-2025,Delhi,32,F,Google Ads,1
C103649,01-10-2024,Chennai,27,M,Google Ads,1
C103650,02-10-2024,Delhi,34,F,Referral,1
C103651,11-11-2025,Hyderabad,24,M,Organic  ,0
C103652,03-05-2025,Bengaluru,47,F,Organic,1
C103653,10-06-2025,Mumbai,35,M,Organic,0
C103654,10-05-2025,Delhi,35,F,Influencer,0
C103655,08-12-2024,Delhi,36,F,Influencer,0
C103656,29-03-2025,Pune,22,M,Influencer,0
C103657,20-11-2025,Pune,29,F,Instagram Ads,0
C103658,19-05-2024,Mumbai,29,M,Google Ads,0
C103659,16-04-2024,Delhi,27,M,Referral,1
C103660,20-10-2025,Pune,28,F,Google Ads,1
C103661,26-04-2025,Bengaluru,37,F,Instagram Ads,1
C103662,26-09-2024,Mumbai,30,M,Google Ads,1
C103663,05-10-2024,Mumbai,33,F,Offline Banner,1
C103664,20-05-2024,Mumbai,18,F,Google Ads,0
C103665,17-07-2025,Bengaluru,18,M,Google Ads  ,0
C103666,19-05-2025,Bengaluru,23,F,Instagram Ads  ,0
C103667,10-11-2024,Mumbai,44,M,Organic,0
C103668,29-03-2025,Pune,47,M,Google Ads,1
C103669,06-03-2025,Mumbai,38,F,Instagram Ads,0
C103670,19-08-2024,Bengaluru,27,F,Offline Banner,0
C103671,08-07-2024,Mumbai,34,F,Organic,0
C103672,04-12-2024,Hyderabad,41,F,Organic,0
C103673,16-12-2025,Delhi,45,F,Offline Banner,1
C103674,07-02-2025,Delhi,21,M,Google Ads,0
C103675,05-12-2025,Pune,32,F,Organic  ,1
C103676,20-06-2025,Delhi,28,M,Instagram Ads,1
C103677,27-02-2025,Bengaluru,35,M,Organic,0
C103678,18-12-2025,Chennai,31,F,Instagram Ads,1
C103679,29-05-2025,Bengaluru,22,F,Instagram Ads,1
C103680,06-06-2025,Delhi,34,M,Google Ads,0
C103681,15-02-2024,Mumbai,25,F,Instagram Ads,1
C103682,17-12-2024,Pune,30,M,Referral,0
C103683,09-04-2025,Mumbai,31,M,Referral,1
C103684,27-02-2025,Hyderabad,44,F,Organic,0
C103685,31-01-2025,Hyderabad,33,F,Instagram Ads,1
C103686,20-07-2025,Bengaluru,30,F,Instagram Ads,0
C103687,16-06-2025,Hyderabad,36,F,Organic,1
C103688,02-02-2024,Mumbai,23,M,Organic,0
C103689,06-06-2025,Bengaluru,31,F,Instagram Ads,0
C103690,05-07-2025,Hyderabad,36,M,Referral,1
C103691,10-10-2025,Delhi,35,M,Influencer,0
C103692,06-07-2024,Mumbai,26,Other,Instagram Ads,1
C103693,05-04-2025,Bengaluru,33,F,Google Ads,0
C103694,18-04-2025,Bengaluru,36,F,Google Ads,1
C103695,12-04-2024,Bengaluru,23,M,Offline Banner,1
C103696,08-07-2025,Hyderabad,26,M,Instagram Ads,0
C103697,16-06-2025,Bengaluru,28,M,Google Ads,1
C103698,17-09-2025,Pune,49,F,Influencer,0
C103699,09-04-2025,Hyderabad,25,F,Google Ads,1
C103700,29-04-2025,Mumbai,33,F,Referral,0
C103701,09-05-2024,Mumbai,28,F,Instagram Ads,0
C103702,12-06-2025,Bengaluru,23,F,Offline Banner,1
C103703,24-07-2024,Pune,36,F,Influencer,0
C103704,24-11-2024,Delhi,19,F,Organic,0
C103705,17-10-2025,Bengaluru,42,F,Instagram Ads,1
C103706,29-06-2024,Delhi,22,F,Instagram Ads,0
C103707,20-07-2024,Mumbai,25,M,Referral,0
C103708,11-03-2025,Hyderabad,35,F,Google Ads,0
C103709,09-10-2024,Delhi,37,M,Organic,0
C103710,09-01-2025,Bengaluru,32,Other,Referral,0
C103711,19-11-2024,Pune,26,F,Influencer,0
C103712,23-05-2025,Chennai,18,F,Google Ads,0
C103713,08-02-2025,Delhi,30,M,Referral,1
C103714,25-06-2025,Hyderabad,24,M,Organic,0
C103715,30-12-2024,Chennai,,M,Referral,0
C103716,30-08-2025,Delhi,32,F,Influencer,0
C103717,20-12-2025,Mumbai,20,M,Instagram Ads,0
C103718,27-03-2025,Chennai,28,F,Organic,0
C103719,23-05-2024,Delhi,37,F,Offline Banner,1
C103720,05-10-2025,Chennai,40,M,Google Ads,0
C103721,21-02-2025,Bengaluru,28,F,Google Ads,0
C103722,30-05-2024,Delhi,30,M,Instagram Ads,0
C103723,11-11-2025,Mumbai,35,M,Organic  ,0
C103724,16-07-2024,Mumbai,23,F,Referral,1
C103725,04-05-2025,Mumbai,33,F,Instagram Ads,0
C103726,23-08-2025,Bengaluru,33,M,Organic,0
C103727,23-01-2024,Bengaluru,35,F,Influencer,0
C103728,06-07-2025,Bengaluru,30,F,Offline Banner,1
C103729,07-05-2025,Delhi,18,M,Referral  ,0
C103730,27-06-2025,Pune,32,M,Referral,0
C103731,02-09-2025,Bengaluru,23,F,Influencer,0
C103732,31-08-2024,Pune,44,F,Google Ads,1
C103733,06-05-2025,Pune,45,F,Organic,0
C103734,16-11-2025,Mumbai,21,M,Organic,0
C103735,15-10-2024,Delhi,24,M,Google Ads,1
C103736,26-07-2025,Chennai,18,F,Instagram Ads,0
C103737,12-12-2024,Hyderabad,36,M,Instagram Ads,1
C103738,19-04-2025,Delhi,,F,Google Ads,0
C103739,13-08-2024,Hyderabad,33,F,Referral,0
C103740,03-12-2024,Delhi,26,F,Influencer,1
C103741,20-01-2025,Delhi,18,M,Google Ads,0
C103742,09-04-2025,Bengaluru,32,M,Google Ads,1
C103743,12-10-2024,Delhi,41,F,Referral,1
C103744,14-05-2025,Chennai,30,F,Instagram Ads,0
C103745,13-09-2024,Pune,22,F,Instagram Ads,0
C103746,04-06-2025,Bengaluru,29,M,Instagram Ads,0
C103747,08-08-2025,Delhi,35,M,Google Ads,0
C103748,27-09-2024,Mumbai,29,F,Instagram Ads,0
C103749,06-10-2025,Mumbai,,F,Instagram Ads  ,1
C103750,29-01-2025,Bengaluru,47,F,Influencer,0
C103751,26-02-2025,Delhi,18,F,Instagram Ads,0
C103752,08-10-2025,Bengaluru,49,F,Instagram Ads,0
C103753,23-08-2025,Mumbai,30,M,Offline Banner,0
C103754,06-06-2025,Chennai,38,M,Organic,1
C103755,03-05-2024,Chennai,32,M,Instagram Ads,0
C103756,28-06-2025,Bengaluru,23,F,Instagram Ads,0
C103757,01-04-2024,Bengaluru,41,F,Organic,1
C103758,19-07-2024,Delhi,35,M,Referral,0
C103759,14-06-2024,Delhi,30,M,Instagram Ads,0
C103760,15-08-2025,Pune,36,M,Instagram Ads,0
C103761,05-01-2025,Hyderabad,29,M,Offline Banner,0
C103762,31-08-2025,Delhi,18,M,Referral,0
C103763,06-08-2024,Bengaluru,18,F,Referral,0
C103764,18-02-2025,Chennai,30,M,Google Ads  ,1
C103765,10-10-2025,Mumbai,28,F,Instagram Ads,0
C103766,30-01-2025,Delhi,30,M,Google Ads,0
C103767,06-10-2025,Chennai,28,F,Offline Banner,0
C103768,03-09-2025,Mumbai,22,F,Instagram Ads,0
C103769,29-01-2025,Mumbai,19,M,Offline Banner,0
C103770,21-01-2025,Mumbai,,F,Instagram Ads,0
C103771,22-07-2025,Pune,37,F,Google Ads,0
C103772,25-08-2024,Pune,24,F,Instagram Ads,0
C103773,05-03-2025,Mumbai,39,M,Referral,1
C103774,25-06-2024,Delhi,22,M,Referral,0
C103775,15-04-2025,Mumbai,40,Other,Organic,0
C103776,12-06-2025,Delhi,26,F,Referral,0
C103777,05-06-2025,Delhi,28,F,Google Ads,1
C103778,10-02-2025,Mumbai,28,F,Organic,1
C103779,25-10-2025,Delhi,,F,Instagram Ads,0
C103780,25-06-2024,Chennai,,F,Referral,0
C103781,13-11-2025,Delhi,32,M,Instagram Ads,1
C103782,14-11-2025,Mumbai,30,F,Google Ads,1
C103783,14-08-2024,Delhi,26,F,Influencer,0
C103784,14-03-2025,Hyderabad,39,M,Instagram Ads,1
C103785,18-12-2025,Delhi,31,M,Offline Banner,1
C103786,13-11-2025,Bengaluru,35,M,Influencer,0
C103787,26-10-2025,Hyderabad,32,F,Google Ads,0
C103788,05-07-2024,Chennai,27,F,Instagram Ads,0
C103789,16-06-2024,Hyderabad,50,F,Influencer,0
C103790,17-08-2024,Delhi,40,F,Influencer,0
C103791,17-04-2025,Delhi,26,M,Instagram Ads,1
C103792,16-01-2025,Hyderabad,47,F,Offline Banner,0
C103793,03-03-2025,Delhi,,M,Offline Banner,0
C103794,26-07-2025,Mumbai,22,F,Referral,0
C103795,20-04-2025,Chennai,38,M,Influencer,0
C103796,14-03-2024,Pune,34,M,Referral,1
C103797,09-08-2024,Pune,32,M,Referral,0
C103798,09-08-2025,Pune,39,M,Google Ads,0
C103799,09-12-2025,Bengaluru,33,F,Instagram Ads,0
C103800,03-06-2025,Hyderabad,,M,Organic,0
C103801,15-11-2025,Mumbai,20,M,Instagram Ads,1
C103802,29-06-2024,Chennai,24,Other,Referral,0
C103803,19-05-2024,Mumbai,46,M,Influencer,0
C103804,31-03-2024,Bengaluru,36,Other,Instagram Ads,0
C103805,30-09-2025,Mumbai,35,F,Google Ads,0
C103806,02-12-2025,Delhi,31,F,Referral  ,0
C103807,12-02-2025,Bengaluru,23,M,Google Ads  ,0
C103808,13-08-2025,Mumbai,19,F,Influencer,0
C103809,26-10-2025,Bengaluru,,F,Google Ads,0
C103810,12-10-2024,Bengaluru,,M,Referral,0
C103811,14-02-2024,Bengaluru,36,M,Instagram Ads,0
C103812,01-11-2024,Delhi,27,F,Instagram Ads,0
C103813,22-05-2024,Mumbai,,F,Instagram Ads,0
C103814,28-12-2025,Pune,36,M,Instagram Ads,0
C103815,05-09-2025,Mumbai,30,F,Referral,0
C103816,21-11-2025,Mumbai,29,F,Referral,0
C103817,12-05-2025,Bengaluru,26,M,Instagram Ads,0
C103818,08-04-2025,Pune,25,M,Instagram Ads,0
C103819,29-03-2025,Bengaluru,30,F,Referral,0
C103820,24-11-2025,Delhi,18,M,Influencer,1
C103821,29-06-2025,Pune,35,M,Organic,0
C103822,01-08-2024,Pune,18,F,Instagram Ads,0
C103823,13-09-2025,Hyderabad,39,Other,Influencer,0
C103824,22-03-2025,Mumbai,26,M,Offline Banner,1
C103825,07-03-2025,Hyderabad,30,F,Google Ads,1
C103826,21-06-2025,Mumbai,35,M,Organic,0
C103827,25-12-2025,Hyderabad,28,M,Referral,0
C103828,24-12-2025,Pune,25,M,Offline Banner,0
C103829,17-11-2025,Pune,33,M,Referral,0
C103830,30-08-2025,Mumbai,48,F,Offline Banner,0
C103831,07-08-2025,Pune,37,F,Instagram Ads,1
C103832,06-12-2024,Delhi,24,M,Google Ads,1
C103833,25-08-2025,Delhi,28,M,Influencer,0
C103834,26-03-2025,Bengaluru,27,M,Influencer,1
C103835,13-08-2024,Bengaluru,22,F,Organic  ,0
C103836,08-06-2025,Delhi,35,M,Influencer,0
C103837,29-08-2024,Mumbai,28,M,Organic,0
C103838,27-10-2024,Delhi,33,M,Organic,0
C103839,13-12-2024,Bengaluru,18,M,Referral,1
C103840,21-10-2025,Pune,36,M,Referral,1
C103841,24-08-2025,Hyderabad,26,M,Google Ads,0
C103842,29-10-2025,Mumbai,22,F,Organic,1
C103843,27-07-2024,Chennai,20,F,Google Ads,0
C103844,03-10-2024,Bengaluru,23,M,Instagram Ads,0
C103845,10-11-2025,Pune,27,M,Instagram Ads,0
C103846,28-09-2024,Bengaluru,38,M,Offline Banner,1
C103847,16-07-2024,Chennai,27,Other,Instagram Ads,1
C103848,23-09-2025,Pune,38,M,Instagram Ads,1
C103849,22-03-2025,Bengaluru,33,F,Referral,0
C103850,23-09-2024,Mumbai,45,M,Google Ads,0
C103851,09-05-2025,Hyderabad,26,M,Google Ads  ,0
C103852,18-03-2025,Bengaluru,34,M,Instagram Ads,0
C103853,12-05-2025,Bengaluru,40,M,Instagram Ads,0
C103854,03-12-2024,Mumbai,36,M,Influencer,0
C103855,04-08-2024,Mumbai,29,M,Organic,0
C103856,21-11-2024,Bengaluru,27,M,Instagram Ads,0
C103857,13-04-2024,Pune,18,F,Organic,0
C103858,05-07-2024,Hyderabad,29,F,Organic,0
C103859,23-08-2024,Delhi,23,F,Organic,1
C103860,27-12-2024,Delhi,26,M,Referral,0
C103861,10-08-2024,Delhi,31,M,Google Ads,0
C103862,12-09-2024,Delhi,18,F,Organic,1
C103863,30-10-2025,Delhi,23,M,Google Ads,0
C103864,10-05-2024,Hyderabad,34,F,Instagram Ads,0
C103865,18-02-2025,Pune,20,F,Google Ads,0
C103866,25-02-2024,Mumbai,30,M,Organic,0
C103867,26-02-2025,Bengaluru,19,F,Referral,0
C103868,21-03-2025,Hyderabad,35,F,Google Ads,1
C103869,12-04-2025,Chennai,36,F,Influencer,0
C103870,07-10-2024,Chennai,40,F,Influencer,0
C103871,13-03-2025,Delhi,40,M,Google Ads,0
C103872,13-12-2025,Delhi,33,F,Google Ads,1
C103873,03-10-2024,Delhi,18,F,Organic,0
C103874,30-10-2025,Bengaluru,31,F,Instagram Ads,0
C103875,03-01-2025,Hyderabad,34,F,Organic,1
C103876,11-01-2025,Mumbai,31,M,Influencer,1
C103877,05-06-2024,Pune,44,M,Google Ads,0
C103878,08-12-2024,Mumbai,41,F,Instagram Ads,0
C103879,26-08-2025,Chennai,31,M,Instagram Ads  ,0
C103880,04-07-2025,Delhi,36,M,Organic,0
C103881,13-09-2024,Delhi,,M,Google Ads,1
C103882,02-06-2024,Mumbai,32,M,Referral,0
C103883,19-07-2025,Delhi,20,M,Google Ads,0
C103884,08-08-2025,Hyderabad,29,M,Instagram Ads,0
C103885,22-12-2025,Delhi,25,M,Referral,1
C103886,12-07-2024,Hyderabad,25,F,Referral,1
C103887,27-06-2025,Delhi,24,M,Organic,0
C103888,24-04-2024,Delhi,27,F,Google Ads,1
C103889,27-12-2024,Pune,26,M,Instagram Ads,1
C103890,12-03-2025,Chennai,36,F,Influencer,0
C103891,22-06-2025,Mumbai,28,F,Organic,0
C103892,16-05-2024,Chennai,30,M,Organic,1
C103893,19-12-2025,Bengaluru,33,M,Instagram Ads,0
C103894,09-06-2025,Mumbai,33,F,Instagram Ads,1
C103895,03-09-2024,Pune,22,F,Referral,0
C103896,26-07-2025,Mumbai,,F,Influencer,1
C103897,25-10-2025,Mumbai,32,M,Influencer,0
C103898,01-03-2025,Bengaluru,23,F,Influencer,0
C103899,23-12-2024,Mumbai,23,M,Instagram Ads,1
C103900,27-07-2024,Delhi,21,M,Influencer,0
C103901,13-01-2025,Delhi,32,M,Influencer,0
C103902,28-02-2025,Hyderabad,28,M,Instagram Ads,0
C103903,16-03-2025,Bengaluru,,F,Google Ads,0
C103904,08-12-2024,Mumbai,18,F,Referral,0
C103905,18-06-2024,Pune,31,F,Instagram Ads,0
C103906,11-12-2024,Mumbai,31,F,Referral,1
C103907,11-12-2024,Hyderabad,33,M,Influencer,0
C103908,08-09-2024,Pune,42,Other,Influencer,0
C103909,27-06-2024,Pune,24,F,Offline Banner,0
C103910,11-09-2024,Bengaluru,34,F,Referral,1
C103911,27-05-2025,Hyderabad,33,F,Google Ads,1
C103912,31-05-2025,Mumbai,34,M,Organic,0
C103913,23-04-2025,Bengaluru,,M,Google Ads,0
C103914,07-12-2024,Delhi,37,M,Instagram Ads,0
C103915,23-03-2024,Mumbai,25,F,Organic,0
C103916,21-12-2024,Delhi,27,F,Google Ads,0
C103917,21-10-2025,Delhi,29,F,Instagram Ads,0
C103918,15-06-2025,Bengaluru,29,M,Instagram Ads,0
C103919,29-11-2025,Pune,33,M,Offline Banner,0
C103920,01-12-2025,Delhi,33,F,Google Ads,0
C103921,26-04-2024,Delhi,33,M,Referral,0
C103922,05-01-2025,Mumbai,41,F,Offline Banner,0
C103923,17-04-2025,Bengaluru,29,F,Referral,1
C103924,27-08-2024,Delhi,39,F,Instagram Ads,0
C103925,25-10-2024,Delhi,22,F,Referral,0
C103926,25-09-2025,Bengaluru,29,M,Instagram Ads,0
C103927,01-05-2025,Pune,,F,Instagram Ads,0
C103928,12-08-2024,Delhi,20,M,Influencer,0
C103929,28-02-2025,Mumbai,31,F,Google Ads,1
C103930,12-01-2025,Bengaluru,31,M,Organic,0
C103931,13-06-2024,Delhi,35,F,Referral,0
C103932,12-04-2024,Delhi,34,Other,Instagram Ads,0
C103933,07-11-2025,Bengaluru,20,F,Referral,0
C103934,15-07-2025,Chennai,,M,Instagram Ads,1
C103935,01-09-2025,Mumbai,27,M,Google Ads,0
C103936,02-06-2024,Bengaluru,26,M,Referral,0
C103937,14-09-2025,Mumbai,34,M,Instagram Ads,0
C103938,15-08-2025,Pune,37,M,Organic,0
C103939,04-06-2025,Delhi,27,F,Instagram Ads,1
C103940,07-12-2024,Bengaluru,30,M,Referral,1
C103941,21-12-2024,Pune,38,M,Organic,0
C103942,22-12-2024,Chennai,23,F,Google Ads,1
C103943,13-04-2025,Hyderabad,18,M,Influencer,0
C103944,30-08-2024,Mumbai,,M,Organic,0
C103945,21-10-2025,Mumbai,38,M,Offline Banner,0
C103946,23-10-2025,Mumbai,18,F,Google Ads,1
C103947,25-09-2025,Bengaluru,30,F,Offline Banner,0
C103948,12-12-2025,Hyderabad,27,M,Organic,0
C103949,15-10-2024,Pune,32,M,Organic,0
C103950,30-07-2025,Mumbai,18,M,Offline Banner,1
C103951,13-11-2025,Hyderabad,,M,Referral,0
C103952,10-02-2025,Chennai,34,M,Influencer,0
C103953,03-02-2025,Chennai,29,F,Referral,0
C103954,17-11-2025,Hyderabad,43,M,Referral,0
C103955,16-11-2025,Bengaluru,35,M,Referral,0
C103956,08-08-2024,Bengaluru,23,M,Instagram Ads,0
C103957,26-03-2025,Delhi,,M,Referral  ,0
C103958,09-03-2024,Delhi,44,M,Offline Banner,0
C103959,28-08-2025,Bengaluru,30,M,Influencer,1
C103960,23-09-2024,Delhi,34,M,Organic,1
C103961,01-06-2025,Bengaluru,37,F,Organic,0
C103962,10-09-2024,Bengaluru,29,F,Google Ads,0
C103963,18-02-2025,Bengaluru,18,F,Instagram Ads,0
C103964,20-08-2024,Delhi,35,M,Instagram Ads,0
C103965,27-08-2024,Delhi,37,M,Instagram Ads,0
C103966,06-10-2024,Delhi,42,F,Organic,0
C103967,08-10-2024,Delhi,22,M,Influencer,0
C103968,13-10-2025,Chennai,22,M,Google Ads,1
C103969,14-04-2025,Mumbai,25,F,Instagram Ads,0
C103970,13-02-2025,Mumbai,29,M,Google Ads,0
C103971,10-08-2025,Delhi,35,M,Google Ads,1
C103972,25-03-2024,Bengaluru,22,M,Referral,0
C103973,28-06-2025,Bengaluru,38,F,Google Ads,0
C103974,14-10-2025,Delhi,38,F,Google Ads,0
C103975,19-10-2024,Chennai,38,F,Offline Banner,0
C103976,31-01-2025,Pune,28,M,Google Ads,1
C103977,04-03-2025,Delhi,18,F,Influencer,0
C103978,12-10-2025,Bengaluru,43,F,Organic,0
C103979,22-01-2025,Mumbai,26,F,Google Ads,1
C103980,02-04-2025,Mumbai,36,M,Influencer,0
C103981,22-12-2025,Pune,31,F,Referral,0
C103982,04-10-2025,Delhi,40,F,Instagram Ads,1
C103983,12-05-2025,Mumbai,30,F,Instagram Ads,0
C103984,27-03-2025,Mumbai,31,F,Organic,0
C103985,09-09-2025,Mumbai,,F,Referral,1
C103986,06-02-2025,Pune,34,F,Google Ads,0
C103987,29-01-2025,Delhi,21,M,Instagram Ads,1
C103988,29-10-2024,Delhi,46,M,Instagram Ads,0
C103989,19-02-2025,Bengaluru,30,M,Influencer,1
C103990,28-11-2024,Delhi,35,M,Influencer,0
C103991,16-08-2025,Delhi,43,F,Referral,0
C103992,17-12-2024,Mumbai,30,M,Google Ads,0
C103993,03-09-2024,Delhi,23,M,Offline Banner,0
C103994,14-09-2025,Mumbai,22,M,Organic,0
C103995,19-06-2025,Delhi,27,M,Influencer,0
C103996,24-12-2024,Delhi,33,F,Instagram Ads,1
C103997,14-07-2025,Bengaluru,,F,Referral,1
C103998,01-06-2025,Delhi,40,F,Influencer,1
C103999,27-11-2025,Chennai,18,M,Google Ads,1
C104000,26-05-2025,Mumbai,32,M,Organic,1
C104001,27-01-2025,Hyderabad,35,F,Organic,1
C104002,16-09-2025,Pune,35,M,Instagram Ads  ,0
C104003,24-02-2025,Mumbai,18,F,Organic,1
C104004,21-06-2025,Hyderabad,28,F,Instagram Ads,1
C104005,18-10-2025,Pune,37,M,Organic,0
C104006,28-01-2025,Delhi,24,F,Offline Banner,1
C104007,05-12-2024,Chennai,21,M,Offline Banner,0
C104008,11-08-2024,Delhi,35,F,Influencer,0
C104009,19-04-2025,Delhi,33,M,Referral,0
C104010,27-01-2025,Hyderabad,32,M,Organic  ,0
C104011,28-03-2025,Delhi,25,M,Organic,0
C104012,02-05-2024,Hyderabad,20,M,Instagram Ads,0
C104013,01-12-2024,Pune,38,F,Instagram Ads,1
C104014,08-10-2024,Chennai,57,M,Referral,1
C104015,16-09-2025,Mumbai,,M,Instagram Ads,1
C104016,01-06-2025,Chennai,39,M,Offline Banner,0
C104017,22-09-2024,Mumbai,29,M,Referral,0
C104018,16-10-2024,Delhi,33,M,Google Ads,1
C104019,26-05-2025,Bengaluru,30,M,Google Ads,0
C104020,13-03-2025,Bengaluru,48,F,Influencer  ,0
C104021,16-03-2025,Mumbai,24,M,Offline Banner,0
C104022,27-04-2025,Bengaluru,,M,Instagram Ads,0
C104023,01-09-2025,Mumbai,31,M,Organic,1
C104024,14-02-2025,Bengaluru,35,F,Referral,1
C104025,05-09-2024,Chennai,41,F,Referral,0
C104026,06-07-2025,Bengaluru,34,F,Organic,0
C104027,02-03-2025,Delhi,32,M,Instagram Ads,0
C104028,03-08-2025,Hyderabad,27,M,Referral,0
C104029,12-11-2025,Mumbai,35,M,Google Ads,0
C104030,03-02-2025,Pune,25,M,Instagram Ads,0
C104031,25-01-2025,Delhi,32,F,Instagram Ads,1
C104032,12-02-2024,Mumbai,29,F,Instagram Ads,1
C104033,26-08-2024,Delhi,23,M,Organic,1
C104034,09-10-2024,Delhi,43,F,Instagram Ads,0
C104035,19-04-2025,Bengaluru,23,F,Referral,0
C104036,28-11-2025,Mumbai,27,F,Referral,0
C104037,20-06-2024,Pune,18,M,Offline Banner,0
C104038,01-05-2025,Bengaluru,29,M,Organic,1
C104039,26-01-2025,Mumbai,34,M,Offline Banner,1
C104040,16-07-2024,Hyderabad,23,M,Instagram Ads,0
C104041,25-07-2025,Bengaluru,18,M,Organic,0
C104042,08-10-2025,Hyderabad,27,F,Instagram Ads,0
C104043,29-06-2025,Bengaluru,29,M,Organic,0
C104044,09-07-2025,Delhi,29,F,Google Ads,0
C104045,23-05-2025,Bengaluru,43,F,Organic,1
C104046,24-01-2025,Mumbai,33,M,Google Ads,0
C104047,19-09-2025,Mumbai,33,M,Instagram Ads,1
C104048,10-08-2024,Chennai,33,F,Organic,0
C104049,27-10-2024,Mumbai,33,F,Offline Banner,0
C104050,29-01-2024,Bengaluru,27,F,Instagram Ads,0
C104051,11-03-2025,Mumbai,23,F,Offline Banner,1
C104052,20-04-2025,Delhi,50,F,Instagram Ads,0
C104053,19-03-2025,Mumbai,29,F,Organic,1
C104054,12-02-2025,Bengaluru,31,M,Offline Banner,0
C104055,28-11-2024,Mumbai,31,F,Instagram Ads,1
C104056,01-11-2024,Mumbai,24,F,Google Ads,0
C104057,06-06-2025,Pune,32,M,Google Ads,0
C104058,19-11-2024,Delhi,20,M,Google Ads,0
C104059,25-06-2024,Mumbai,36,M,Organic,0
C104060,14-02-2025,Pune,28,F,Organic,0
C104061,18-11-2024,Chennai,40,M,Offline Banner,0
C104062,04-06-2025,Mumbai,35,F,Instagram Ads,1
C104063,18-11-2025,Pune,34,F,Referral,1
C104064,07-12-2024,Delhi,24,F,Referral,0
C104065,01-11-2025,Delhi,31,F,Offline Banner,1
C104066,02-05-2024,Pune,37,F,Instagram Ads,1
C104067,04-09-2024,Pune,31,M,Offline Banner,1
C104068,30-10-2024,Delhi,20,M,Referral,0
C104069,30-04-2025,Delhi,38,M,Organic,0
C104070,01-06-2025,Delhi,37,M,Google Ads,0
C104071,27-11-2024,Mumbai,18,M,Influencer,0
C104072,11-06-2024,Hyderabad,32,M,Referral,0
C104073,28-02-2025,Bengaluru,37,F,Organic,0
C104074,07-03-2025,Mumbai,26,M,Organic,0
C104075,26-08-2025,Bengaluru,20,F,Google Ads  ,0
C104076,25-07-2024,Pune,22,M,Instagram Ads,0
C104077,24-12-2025,Delhi,30,M,Influencer  ,0
C104078,26-08-2025,Hyderabad,38,M,Google Ads  ,0
C104079,20-03-2025,Chennai,22,M,Influencer,0
C104080,25-12-2025,Delhi,22,M,Organic,0
C104081,13-07-2025,Pune,28,M,Google Ads,0
C104082,09-11-2024,Hyderabad,36,F,Referral,1
C104083,26-11-2025,Delhi,45,M,Organic,0
C104084,13-12-2025,Delhi,31,M,Organic,0
C104085,19-09-2024,Bengaluru,25,M,Influencer,1
C104086,07-08-2025,Bengaluru,24,F,Instagram Ads,0
C104087,27-08-2025,Bengaluru,,M,Offline Banner  ,0
C104088,09-03-2025,Delhi,20,M,Google Ads,0
C104089,11-04-2024,Bengaluru,32,M,Influencer,0
C104090,05-03-2025,Mumbai,41,F,Instagram Ads,0
C104091,16-04-2025,Mumbai,29,M,Instagram Ads,0
C104092,13-09-2025,Mumbai,22,M,Referral,0
C104093,29-08-2024,Bengaluru,35,F,Google Ads,0
C104094,19-10-2024,Delhi,31,F,Offline Banner,0
C104095,10-04-2024,Delhi,34,M,Instagram Ads,1
C104096,06-08-2025,Delhi,35,M,Instagram Ads,0
C104097,11-10-2025,Delhi,35,F,Instagram Ads,0
C104098,02-07-2025,Delhi,33,M,Instagram Ads,1
C104099,04-05-2024,Bengaluru,,M,Referral,0
C104100,08-09-2024,Hyderabad,41,M,Referral,0
C104101,27-02-2025,Bengaluru,24,F,Google Ads,0
C104102,01-10-2025,Mumbai,28,M,Instagram Ads,0
C104103,25-12-2025,Delhi,37,M,Instagram Ads,0
C104104,23-08-2024,Chennai,30,M,Instagram Ads,0
C104105,31-05-2025,Delhi,20,M,Organic,0
C104106,09-08-2025,Bengaluru,33,Other,Organic,1
C104107,01-05-2024,Chennai,27,M,Organic,0
C104108,12-08-2024,Hyderabad,47,M,Offline Banner,0
C104109,08-11-2025,Delhi,38,M,Influencer,1
C104110,08-03-2024,Mumbai,40,F,Referral,0
C104111,20-05-2024,Delhi,,M,Google Ads,0
C104112,07-12-2025,Bengaluru,33,F,Offline Banner,1
C104113,05-04-2025,Bengaluru,28,M,Organic,0
C104114,18-06-2024,Hyderabad,,F,Google Ads,0
C104115,12-10-2024,Delhi,,M,Referral,0
C104116,11-09-2024,Pune,48,M,Offline Banner,1
C104117,03-12-2024,Hyderabad,34,M,Influencer  ,0
C104118,06-09-2024,Delhi,20,M,Google Ads,0
C104119,24-03-2025,Mumbai,38,F,Offline Banner,0
C104120,19-09-2024,Bengaluru,,M,Offline Banner,0
C104121,26-06-2024,Bengaluru,18,F,Instagram Ads,0
C104122,10-02-2025,Delhi,35,M,Influencer,0
C104123,06-05-2025,Delhi,22,M,Influencer,0
C104124,17-10-2024,Hyderabad,,M,Instagram Ads,0
C104125,04-09-2024,Delhi,18,M,Organic  ,0
C104126,08-12-2024,Delhi,31,M,Google Ads,0
C104127,23-10-2025,Pune,,M,Organic,0
C104128,03-02-2025,Bengaluru,19,F,Offline Banner,0
C104129,09-08-2024,Bengaluru,,F,Referral  ,1
C104130,15-09-2025,Mumbai,27,M,Google Ads,0
C104131,22-01-2025,Bengaluru,44,F,Offline Banner,0
C104132,14-03-2025,Bengaluru,19,M,Offline Banner,0
C104133,02-03-2025,Chennai,38,F,Instagram Ads,0
C104134,14-07-2024,Delhi,30,M,Offline Banner  ,1
C104135,10-07-2024,Delhi,41,M,Instagram Ads,0
C104136,29-02-2024,Delhi,41,F,Google Ads  ,0
C104137,09-02-2024,Bengaluru,28,M,Organic,0
C104138,23-07-2025,Bengaluru,30,F,Organic,1
C104139,25-11-2024,Delhi,38,F,Organic,0
C104140,04-01-2024,Mumbai,,F,Instagram Ads  ,1
C104141,02-12-2025,Delhi,30,F,Instagram Ads,0
C104142,23-03-2025,Mumbai,24,M,Offline Banner,0
C104143,05-05-2024,Chennai,33,F,Instagram Ads,0
C104144,03-08-2025,Hyderabad,22,M,Instagram Ads,1
C104145,21-10-2024,Delhi,36,F,Influencer,0
C104146,08-08-2025,Delhi,39,M,Organic,0
C104147,21-03-2025,Delhi,,M,Google Ads,0
C104148,22-11-2024,Hyderabad,27,F,Instagram Ads,1
C104149,19-09-2024,Mumbai,25,F,Influencer,0
C104150,03-08-2025,Chennai,39,F,Offline Banner,1
C104151,27-08-2025,Hyderabad,31,M,Instagram Ads,0
C104152,24-06-2025,Bengaluru,28,M,Referral  ,0
C104153,25-07-2025,Pune,36,F,Google Ads,0
C104154,08-11-2024,Hyderabad,27,M,Influencer,0
C104155,04-09-2025,Delhi,29,F,Google Ads,0
C104156,12-08-2025,Bengaluru,22,F,Organic,0
C104157,15-02-2025,Bengaluru,37,F,Referral,0
C104158,25-02-2025,Mumbai,22,F,Referral,0
C104159,13-11-2025,Delhi,42,F,Influencer,0
C104160,25-12-2024,Delhi,,M,Referral,0
C104161,27-03-2024,Mumbai,,F,Influencer,0
C104162,26-08-2024,Delhi,30,M,Google Ads,0
C104163,03-08-2025,Chennai,44,M,Instagram Ads,1
C104164,03-04-2025,Hyderabad,20,M,Referral,1
C104165,26-02-2024,Hyderabad,20,F,Referral,0
C104166,15-03-2025,Bengaluru,38,F,Referral,0
C104167,17-11-2024,Hyderabad,23,M,Influencer,0
C104168,27-05-2024,Chennai,25,F,Referral,0
C104169,25-04-2025,Mumbai,27,F,Influencer,0
C104170,11-11-2025,Hyderabad,40,F,Referral,0
C104171,30-05-2025,Mumbai,37,M,Instagram Ads,1
C104172,31-08-2024,Pune,29,F,Instagram Ads,0
C104173,19-01-2025,Pune,34,F,Influencer,0
C104174,10-08-2024,Pune,34,F,Instagram Ads,0
C104175,10-07-2025,Delhi,22,M,Instagram Ads,0
C104176,21-12-2025,Mumbai,,M,Instagram Ads,0
C104177,07-02-2025,Delhi,18,M,Google Ads,0
C104178,08-07-2025,Mumbai,42,M,Referral,0
C104179,16-07-2025,Bengaluru,25,M,Instagram Ads,1
C104180,24-11-2025,Delhi,31,F,Referral,0
C104181,13-06-2025,Hyderabad,35,F,Google Ads,1
C104182,28-10-2025,Mumbai,23,M,Organic,0
C104183,29-05-2024,Pune,24,M,Influencer,1
C104184,15-08-2025,Delhi,23,M,Organic,0
C104185,27-08-2025,Mumbai,18,M,Referral,1
C104186,02-12-2024,Bengaluru,,F,Instagram Ads,1
C104187,28-12-2024,Bengaluru,49,M,Influencer,0
C104188,17-10-2025,Delhi,26,F,Google Ads,0
C104189,22-10-2025,Pune,26,M,Google Ads,1
C104190,19-01-2025,Bengaluru,28,F,Offline Banner,0
C104191,07-07-2024,Pune,33,F,Offline Banner,0
C104192,11-07-2025,Pune,38,M,Influencer,1
C104193,06-09-2024,Bengaluru,,F,Offline Banner  ,0
C104194,30-07-2025,Chennai,34,M,Influencer,0
C104195,15-09-2024,Pune,30,M,Organic,0
C104196,16-09-2025,Chennai,33,F,Google Ads,1
C104197,05-08-2024,Pune,34,F,Offline Banner,1
C104198,27-06-2025,Pune,23,F,Influencer,0
C104199,31-03-2025,Mumbai,26,M,Google Ads,0
C104200,21-05-2024,Delhi,,M,Referral,0
C104201,16-01-2025,Chennai,29,M,Instagram Ads,0
C104202,03-09-2025,Hyderabad,37,M,Offline Banner,0
C104203,15-03-2025,Mumbai,29,M,Referral,1
C104204,05-04-2024,Mumbai,39,M,Google Ads,0
C104205,15-11-2025,Hyderabad,18,F,Google Ads,0
C104206,01-01-2025,Mumbai,33,F,Offline Banner  ,0
C104207,18-06-2024,Delhi,20,F,Organic,1
C104208,18-12-2025,Delhi,39,M,Google Ads,0
C104209,27-06-2024,Hyderabad,29,M,Referral,0
C104210,10-06-2025,Mumbai,28,M,Instagram Ads,1
C104211,20-04-2025,Bengaluru,24,M,Instagram Ads,0
C104212,29-11-2024,Hyderabad,36,F,Referral,0
C104213,20-08-2024,Hyderabad,35,F,Referral,0
C104214,12-10-2025,Delhi,28,M,Google Ads,0
C104215,23-01-2025,Delhi,36,M,Referral,0
C104216,19-05-2025,Bengaluru,32,F,Instagram Ads,0
C104217,07-02-2024,Hyderabad,31,M,Offline Banner,0
C104218,26-07-2025,Delhi,37,F,Google Ads,0
C104219,13-10-2025,Mumbai,45,F,Instagram Ads,1
C104220,22-08-2025,Pune,33,M,Instagram Ads,1
C104221,22-07-2024,Chennai,33,M,Instagram Ads,0
C104222,27-02-2025,Mumbai,38,F,Instagram Ads,1
C104223,03-06-2025,Delhi,23,F,Google Ads,1
C104224,17-12-2024,Delhi,29,M,Organic,0
C104225,01-01-2025,Delhi,27,M,Google Ads,0
C104226,21-10-2025,Delhi,33,F,Google Ads,1
C104227,27-12-2024,Bengaluru,32,M,Offline Banner,1
C104228,28-10-2025,Bengaluru,45,M,Google Ads,0
C104229,08-01-2025,Delhi,42,M,Influencer,1
C104230,18-05-2025,Pune,18,M,Instagram Ads,0
C104231,17-11-2025,Bengaluru,33,M,Instagram Ads,0
C104232,05-08-2024,Bengaluru,36,M,Referral,0
C104233,31-10-2024,Chennai,31,M,Instagram Ads,0
C104234,10-12-2024,Bengaluru,26,M,Offline Banner,0
C104235,19-01-2025,Chennai,42,F,Instagram Ads,0
C104236,19-11-2025,Mumbai,33,F,Referral,0
C104237,13-05-2024,Delhi,22,M,Organic,0
C104238,10-04-2025,Bengaluru,38,F,Instagram Ads,1
C104239,14-12-2024,Bengaluru,34,M,Organic,0
C104240,20-08-2025,Delhi,25,F,Referral,1
C104241,30-12-2024,Hyderabad,24,M,Organic,0
C104242,03-09-2024,Delhi,24,M,Influencer,0
C104243,29-03-2025,Hyderabad,40,F,Google Ads,0
C104244,10-09-2024,Mumbai,35,F,Referral,1
C104245,11-10-2025,Hyderabad,38,M,Google Ads,0
C104246,02-12-2025,Mumbai,32,F,Instagram Ads,0
C104247,09-09-2025,Chennai,25,F,Instagram Ads,1
C104248,30-06-2024,Mumbai,24,F,Offline Banner,1
C104249,19-07-2024,Chennai,39,M,Referral,0
C104250,04-04-2025,Delhi,34,F,Instagram Ads,0
C104251,10-11-2025,Hyderabad,28,F,Instagram Ads,0
C104252,28-06-2024,Mumbai,31,F,Google Ads,0
C104253,17-08-2024,Pune,38,M,Instagram Ads,0
C104254,15-01-2025,Hyderabad,35,M,Google Ads,1
C104255,13-09-2024,Pune,30,M,Instagram Ads,1
C104256,28-10-2025,Delhi,30,M,Instagram Ads,1
C104257,07-07-2025,Pune,26,M,Organic,0
C104258,26-04-2024,Delhi,31,M,Offline Banner,0
C104259,22-02-2025,Delhi,28,F,Google Ads,0
C104260,24-03-2025,Delhi,30,F,Influencer  ,0
C104261,21-08-2025,Mumbai,26,M,Instagram Ads,0
C104262,01-10-2024,Hyderabad,,F,Organic,0
C104263,30-12-2024,Delhi,38,F,Instagram Ads,0
C104264,21-07-2025,Delhi,,M,Influencer,1
C104265,07-12-2025,Bengaluru,28,F,Influencer,0
C104266,24-08-2025,Chennai,28,F,Influencer,0
C104267,01-09-2025,Bengaluru,19,M,Influencer,0
C104268,26-07-2025,Hyderabad,,M,Referral,0
C104269,05-02-2025,Bengaluru,41,M,Google Ads,0
C104270,28-06-2025,Hyderabad,30,F,Organic,0
C104271,05-12-2024,Chennai,33,M,Google Ads,0
C104272,19-06-2025,Bengaluru,23,F,Instagram Ads  ,0
C104273,14-01-2025,Mumbai,31,M,Referral,1
C104274,04-07-2025,Pune,25,F,Organic,0
C104275,07-02-2025,Chennai,25,F,Instagram Ads,1
C104276,04-09-2024,Delhi,28,F,Organic,1
C104277,08-10-2024,Bengaluru,27,F,Organic  ,0
C104278,19-04-2024,Hyderabad,,M,Instagram Ads  ,0
C104279,24-08-2024,Bengaluru,39,F,Google Ads,0
C104280,14-02-2024,Mumbai,18,F,Offline Banner,0
C104281,22-04-2025,Bengaluru,26,F,Influencer,0
C104282,05-10-2025,Mumbai,36,F,Google Ads,0
C104283,24-05-2024,Mumbai,32,M,Google Ads,0
C104284,13-06-2024,Chennai,24,F,Instagram Ads,1
C104285,19-09-2025,Bengaluru,47,M,Instagram Ads,0
C104286,10-12-2025,Pune,52,M,Google Ads,1
C104287,25-05-2025,Pune,30,M,Offline Banner,0
C104288,13-05-2025,Bengaluru,23,M,Offline Banner,0
C104289,18-12-2024,Pune,28,F,Influencer,0
C104290,07-09-2024,Mumbai,21,F,Google Ads,1
C104291,01-03-2024,Bengaluru,34,F,Instagram Ads  ,1
C104292,23-11-2025,Bengaluru,35,F,Referral,0
C104293,04-06-2025,Bengaluru,,F,Organic,0
C104294,16-05-2025,Delhi,34,Other,Google Ads,0
C104295,04-03-2025,Mumbai,32,F,Organic,0
C104296,12-09-2025,Mumbai,22,M,Organic,0
C104297,04-11-2025,Bengaluru,21,M,Influencer,0
C104298,02-06-2025,Chennai,18,F,Referral,0
C104299,24-04-2024,Chennai,31,F,Influencer,1
C104300,27-04-2024,Delhi,37,F,Instagram Ads,1
C104301,13-02-2025,Mumbai,40,F,Organic,0
C104302,03-12-2025,Delhi,37,F,Instagram Ads  ,1
C104303,06-09-2025,Mumbai,28,M,Google Ads  ,0
C104304,09-05-2025,Pune,,F,Instagram Ads,0
C104305,18-04-2025,Chennai,23,F,Instagram Ads,1
C104306,05-04-2025,Delhi,23,M,Offline Banner,0
C104307,16-09-2024,Mumbai,37,Other,Google Ads,1
C104308,12-09-2024,Delhi,42,F,Offline Banner,0
C104309,09-04-2025,Mumbai,45,M,Instagram Ads,1
C104310,10-07-2024,Pune,38,M,Instagram Ads,1
C104311,21-03-2025,Bengaluru,36,F,Referral,0
C104312,05-12-2024,Hyderabad,37,M,Google Ads,0
C104313,15-09-2024,Bengaluru,28,M,Organic,1
C104314,25-09-2025,Delhi,,M,Google Ads,0
C104315,23-05-2025,Delhi,33,F,Influencer,0
C104316,09-11-2024,Delhi,18,F,Google Ads  ,1
C104317,18-09-2025,Hyderabad,28,M,Referral,0
C104318,24-09-2025,Pune,26,F,Google Ads,1
C104319,07-11-2024,Hyderabad,35,F,Organic,0
C104320,08-08-2025,Delhi,32,F,Organic,0
C104321,02-10-2025,Hyderabad,42,M,Google Ads,0
C104322,07-11-2025,Delhi,37,F,Google Ads,0
C104323,18-05-2025,Delhi,25,M,Organic,0
C104324,31-12-2024,Mumbai,36,M,Offline Banner,0
C104325,11-11-2025,Mumbai,18,M,Instagram Ads,1
C104326,09-09-2024,Pune,36,M,Influencer,0
C104327,02-10-2025,Bengaluru,25,M,Referral,0
C104328,03-12-2025,Delhi,26,F,Referral,0
C104329,05-05-2024,Delhi,41,M,Offline Banner,0
C104330,09-08-2024,Mumbai,34,F,Organic,0
C104331,14-12-2024,Delhi,29,F,Influencer,0
C104332,18-09-2024,Mumbai,39,M,Referral,0
C104333,04-08-2025,Hyderabad,42,F,Google Ads,0
C104334,19-10-2025,Delhi,23,M,Organic,0
C104335,06-12-2024,Pune,25,F,Offline Banner,0
C104336,22-12-2024,Mumbai,37,M,Influencer,0
C104337,18-04-2025,Mumbai,33,F,Instagram Ads,0
C104338,31-10-2025,Mumbai,18,M,Google Ads,1
C104339,25-12-2025,Hyderabad,45,M,Referral,0
C104340,09-01-2025,Bengaluru,27,M,Referral,0
C104341,16-06-2025,Delhi,22,F,Instagram Ads,0
C104342,01-12-2025,Chennai,31,F,Instagram Ads,0
C104343,12-03-2025,Delhi,,Other,Organic,0
C104344,03-10-2025,Chennai,40,F,Organic,0
C104345,21-04-2025,Delhi,31,F,Influencer,0
C104346,16-10-2024,Hyderabad,,F,Offline Banner,0
C104347,05-05-2025,Bengaluru,53,M,Google Ads,0
C104348,06-10-2025,Bengaluru,34,F,Influencer,0
C104349,01-08-2024,Delhi,30,M,Organic,1
C104350,25-09-2025,Delhi,28,M,Offline Banner,0
C104351,11-02-2025,Hyderabad,29,F,Google Ads,1
C104352,23-02-2025,Pune,42,M,Google Ads,0
C104353,14-06-2025,Bengaluru,33,M,Organic,0
C104354,06-07-2025,Mumbai,37,M,Offline Banner,0
C104355,13-03-2024,Delhi,36,Other,Influencer,0
C104356,08-09-2025,Hyderabad,35,Other,Organic  ,0
C104357,25-03-2024,Mumbai,39,F,Google Ads,0
C104358,11-06-2025,Delhi,37,F,Organic,0
C104359,27-10-2024,Bengaluru,34,M,Influencer,0
C104360,28-02-2025,Bengaluru,45,M,Organic,1
C104361,01-08-2024,Delhi,20,M,Organic,0
C104362,13-09-2025,Delhi,33,M,Instagram Ads,0
C104363,10-03-2025,Hyderabad,,M,Organic,0
C104364,23-10-2024,Delhi,38,M,Referral,1
C104365,20-09-2025,Pune,18,M,Offline Banner,0
C104366,13-11-2024,Mumbai,32,M,Organic,0
C104367,07-11-2024,Delhi,34,M,Organic  ,1
C104368,12-03-2025,Hyderabad,40,F,Offline Banner,0
C104369,13-06-2025,Bengaluru,27,M,Instagram Ads,0
C104370,29-11-2024,Mumbai,53,M,Google Ads,0
C104371,01-01-2025,Mumbai,26,M,Organic,0
C104372,03-04-2025,Delhi,21,F,Google Ads,0
C104373,22-12-2024,Bengaluru,35,F,Google Ads,0
C104374,20-04-2024,Mumbai,29,F,Influencer,0
C104375,27-03-2025,Hyderabad,45,M,Referral,1
C104376,29-05-2024,Bengaluru,18,M,Instagram Ads,1
C104377,26-10-2025,Bengaluru,31,M,Google Ads,0
C104378,14-12-2024,Hyderabad,37,M,Instagram Ads,1
C104379,12-06-2025,Bengaluru,25,F,Referral,0
C104380,30-11-2024,Mumbai,19,F,Instagram Ads,0
C104381,26-01-2024,Mumbai,,M,Influencer,0
C104382,16-10-2024,Delhi,24,F,Referral  ,1
C104383,30-07-2025,Hyderabad,39,M,Instagram Ads,0
C104384,22-06-2025,Hyderabad,23,M,Google Ads,0
C104385,17-11-2025,Delhi,28,M,Organic,0
C104386,27-05-2025,Pune,,F,Google Ads,0
C104387,17-06-2024,Bengaluru,33,M,Referral,1
C104388,22-08-2025,Mumbai,23,F,Offline Banner,0
C104389,24-09-2024,Delhi,35,M,Google Ads,0
C104390,17-10-2025,Mumbai,18,M,Google Ads,0
C104391,03-02-2025,Bengaluru,21,M,Influencer,0
C104392,19-03-2025,Delhi,44,M,Google Ads,0
C104393,11-02-2025,Mumbai,29,F,Instagram Ads  ,0
C104394,16-09-2024,Chennai,,F,Instagram Ads,0
C104395,11-06-2025,Hyderabad,36,M,Offline Banner,0
C104396,13-01-2025,Bengaluru,28,F,Offline Banner,0
C104397,20-04-2024,Bengaluru,31,M,Instagram Ads,0
C104398,04-05-2025,Delhi,21,F,Referral,0
C104399,03-06-2025,Chennai,32,F,Instagram Ads,0
C104400,05-07-2025,Chennai,27,M,Organic,0
C104401,20-04-2025,Hyderabad,47,F,Instagram Ads,1
C104402,12-12-2024,Delhi,25,M,Instagram Ads,0
C104403,22-10-2025,Delhi,35,M,Influencer,0
C104404,05-06-2024,Delhi,28,F,Google Ads,0
C104405,31-05-2024,Bengaluru,37,M,Instagram Ads,0
C104406,23-11-2025,Delhi,20,M,Influencer,1
C104407,12-10-2025,Hyderabad,29,M,Organic,0
C104408,30-01-2025,Bengaluru,35,F,Organic,1
C104409,11-01-2024,Delhi,32,M,Offline Banner,0
C104410,04-12-2025,Hyderabad,34,M,Referral,1
C104411,29-06-2024,Delhi,24,M,Instagram Ads,1
C104412,05-04-2025,Pune,28,M,Instagram Ads,1
C104413,27-09-2024,Mumbai,30,F,Google Ads,0
C104414,20-11-2025,Mumbai,37,M,Instagram Ads  ,1
C104415,15-11-2024,Delhi,42,F,Referral,0
C104416,25-08-2025,Chennai,18,F,Instagram Ads,0
C104417,18-02-2025,Bengaluru,28,M,Referral,0
C104418,20-06-2025,Mumbai,25,M,Instagram Ads,0
C104419,18-06-2024,Delhi,24,F,Google Ads,0
C104420,20-07-2025,Hyderabad,33,M,Organic,1
C104421,07-02-2025,Mumbai,31,F,Google Ads,1
C104422,06-10-2025,Chennai,22,F,Google Ads,0
C104423,21-03-2024,Chennai,21,F,Offline Banner,0
C104424,04-11-2025,Hyderabad,34,Other,Organic,0
C104425,12-02-2024,Chennai,22,F,Referral,0
C104426,30-05-2024,Delhi,,M,Referral,0
C104427,08-12-2024,Mumbai,38,M,Organic,0
C104428,21-09-2025,Delhi,32,M,Instagram Ads,1
C104429,21-10-2025,Delhi,43,M,Instagram Ads,0
C104430,23-01-2025,Chennai,30,M,Organic,1
C104431,14-08-2024,Delhi,48,M,Google Ads  ,0
C104432,18-11-2024,Pune,,M,Instagram Ads,0
C104433,26-11-2025,Hyderabad,,M,Google Ads,0
C104434,09-07-2025,Mumbai,24,M,Instagram Ads,0
C104435,05-12-2025,Delhi,25,M,Offline Banner,0
C104436,09-04-2025,Delhi,44,F,Instagram Ads,0
C104437,21-09-2025,Delhi,25,M,Instagram Ads,0
C104438,12-05-2025,Bengaluru,29,F,Organic,0
C104439,10-12-2025,Mumbai,25,F,Referral,1
C104440,26-01-2025,Bengaluru,,F,Referral,1
C104441,14-03-2025,Hyderabad,21,M,Google Ads,0
C104442,14-09-2024,Mumbai,41,F,Referral,0
C104443,21-02-2025,Delhi,32,M,Organic,0
C104444,08-05-2024,Pune,32,F,Instagram Ads,0
C104445,17-09-2025,Mumbai,30,M,Google Ads  ,1
C104446,26-02-2025,Mumbai,41,F,Offline Banner,0
C104447,16-06-2025,Hyderabad,29,F,Instagram Ads,0
C104448,24-05-2025,Chennai,25,F,Google Ads,0
C104449,04-06-2025,Chennai,35,F,Instagram Ads  ,0
C104450,15-07-2024,Delhi,30,M,Instagram Ads  ,0
C104451,18-09-2025,Bengaluru,46,F,Google Ads,0
C104452,13-08-2025,Delhi,38,M,Instagram Ads,0
C104453,24-04-2025,Chennai,33,M,Instagram Ads,1
C104454,04-04-2024,Delhi,42,M,Google Ads,1
C104455,11-06-2025,Delhi,19,M,Instagram Ads,0
C104456,28-10-2025,Pune,35,M,Organic,0
C104457,06-08-2025,Chennai,31,F,Influencer,0
C104458,13-03-2025,Hyderabad,29,F,Google Ads,1
C104459,27-08-2024,Delhi,,M,Offline Banner,0
C104460,07-06-2024,Bengaluru,39,M,Organic,0
C104461,25-11-2024,Pune,18,F,Organic,1
C104462,21-09-2025,Bengaluru,34,F,Instagram Ads,0
C104463,18-10-2024,Delhi,19,M,Influencer,0
C104464,19-10-2025,Delhi,29,M,Offline Banner,0
C104465,07-01-2025,Pune,30,F,Instagram Ads,0
C104466,02-06-2024,Bengaluru,43,M,Organic,0
C104467,15-09-2025,Hyderabad,26,M,Organic,0
C104468,20-10-2025,Mumbai,31,F,Google Ads,0
C104469,24-12-2024,Bengaluru,21,M,Referral,0
C104470,27-01-2025,Chennai,35,F,Instagram Ads  ,1
C104471,13-07-2024,Mumbai,20,M,Instagram Ads,0
C104472,19-06-2025,Bengaluru,18,M,Instagram Ads,0
C104473,19-04-2025,Delhi,18,M,Referral,0
C104474,31-01-2024,Delhi,28,M,Organic  ,0
C104475,23-11-2024,Hyderabad,29,F,Offline Banner,0
C104476,28-01-2025,Pune,40,M,Referral,0
C104477,26-05-2024,Bengaluru,43,F,Google Ads,1
C104478,28-07-2024,Delhi,42,F,Instagram Ads,0
C104479,02-03-2025,Delhi,40,M,Influencer,0
C104480,11-11-2025,Chennai,47,F,Referral,0
C104481,18-08-2025,Mumbai,34,M,Organic,0
C104482,02-06-2025,Pune,34,M,Instagram Ads,0
C104483,16-04-2024,Mumbai,45,F,Referral,1
C104484,16-02-2025,Chennai,22,M,Google Ads  ,0
C104485,17-08-2025,Chennai,38,M,Instagram Ads,0
C104486,13-04-2024,Delhi,30,F,Organic,0
C104487,24-04-2024,Hyderabad,41,F,Referral,1
C104488,17-12-2025,Delhi,40,F,Google Ads,1
C104489,11-06-2024,Delhi,29,F,Influencer,0
C104490,15-11-2025,Mumbai,21,Other,Referral,0
C104491,23-05-2025,Bengaluru,,F,Instagram Ads,1
C104492,25-06-2025,Mumbai,27,M,Offline Banner,0
C104493,21-08-2025,Bengaluru,31,F,Google Ads,0
C104494,06-08-2025,Delhi,22,M,Influencer,0
C104495,06-10-2025,Delhi,28,M,Influencer,0
C104496,05-01-2025,Bengaluru,39,M,Instagram Ads,0
C104497,29-12-2024,Bengaluru,34,Other,Referral,1
C104498,03-10-2024,Hyderabad,24,Other,Instagram Ads,1
C104499,23-06-2024,Bengaluru,18,F,Google Ads,1
C104500,29-05-2025,Pune,36,M,Organic,0
C104501,16-07-2025,Mumbai,27,F,Instagram Ads  ,0
C104502,19-07-2025,Delhi,32,M,Instagram Ads,0
C104503,05-09-2025,Bengaluru,29,F,Referral,1
C104504,25-06-2025,Bengaluru,27,F,Referral,0
C104505,22-09-2025,Bengaluru,35,F,Organic,1
C104506,20-08-2024,Hyderabad,24,M,Organic,0
C104507,20-04-2025,Mumbai,32,M,Organic  ,0
C104508,13-06-2025,Delhi,34,M,Influencer,1
C104509,02-06-2025,Bengaluru,41,M,Instagram Ads,1
C104510,26-05-2025,Delhi,31,M,Referral,0
C104511,30-05-2025,Mumbai,21,M,Google Ads,0
C104512,03-05-2024,Bengaluru,36,F,Offline Banner,1
C104513,25-06-2025,Mumbai,23,F,Referral,0
C104514,14-12-2024,Bengaluru,25,F,Offline Banner,0
C104515,15-07-2025,Delhi,27,M,Organic,1
C104516,14-02-2025,Chennai,29,M,Organic,0
C104517,19-06-2025,Hyderabad,41,M,Referral,0
C104518,10-08-2025,Mumbai,36,M,Referral,0
C104519,06-06-2025,Delhi,22,F,Referral,0
C104520,16-11-2024,Delhi,43,M,Google Ads,1
C104521,23-09-2024,Bengaluru,39,M,Offline Banner,1
C104522,19-05-2024,Mumbai,34,M,Influencer,0
C104523,02-04-2024,Delhi,18,F,Influencer,0
C104524,05-02-2025,Mumbai,24,F,Google Ads,1
C104525,16-09-2025,Bengaluru,31,F,Instagram Ads,0
C104526,27-06-2025,Bengaluru,44,M,Organic,0
C104527,20-11-2025,Bengaluru,41,M,Google Ads,0
C104528,20-04-2025,Pune,23,F,Influencer,0
C104529,12-03-2024,Delhi,18,M,Influencer,0
C104530,20-06-2025,Bengaluru,29,M,Instagram Ads,0
C104531,30-05-2025,Delhi,32,M,Organic,0
C104532,14-06-2025,Bengaluru,21,M,Organic,0
C104533,06-12-2025,Bengaluru,24,M,Referral,0
C104534,20-01-2025,Delhi,47,F,Referral,1
C104535,07-08-2025,Mumbai,28,M,Instagram Ads,0
C104536,30-10-2025,Pune,28,F,Instagram Ads,0
C104537,24-03-2025,Delhi,53,F,Organic,0
C104538,03-08-2024,Mumbai,28,M,Instagram Ads,0
C104539,04-03-2025,Chennai,22,M,Organic,1
C104540,07-09-2024,Bengaluru,25,F,Referral,0
C104541,28-06-2025,Hyderabad,33,F,Offline Banner,0
C104542,08-08-2025,Pune,27,M,Offline Banner,0
C104543,12-05-2024,Delhi,,F,Organic,0
C104544,14-05-2025,Delhi,30,F,Google Ads,0
C104545,07-07-2025,Hyderabad,56,Other,Referral,0
C104546,19-12-2025,Hyderabad,36,F,Instagram Ads  ,0
C104547,11-12-2025,Delhi,,M,Instagram Ads,0
C104548,01-12-2025,Mumbai,29,M,Referral,1
C104549,30-08-2025,Mumbai,37,M,Influencer,0
C104550,09-04-2025,Pune,,M,Google Ads,0
C104551,15-10-2025,Mumbai,18,F,Google Ads  ,1
C104552,18-05-2024,Chennai,19,F,Referral,0
C104553,08-03-2024,Chennai,34,F,Offline Banner,0
C104554,08-04-2024,Hyderabad,25,M,Instagram Ads,0
C104555,14-07-2024,Bengaluru,24,M,Instagram Ads,0
C104556,17-09-2025,Mumbai,32,F,Offline Banner,0
C104557,29-10-2024,Delhi,37,M,Instagram Ads,1
C104558,03-10-2024,Bengaluru,29,M,Organic,0
C104559,12-09-2024,Mumbai,18,F,Organic,0
C104560,03-04-2025,Mumbai,26,F,Google Ads,0
C104561,17-08-2025,Hyderabad,21,F,Referral,0
C104562,11-04-2025,Mumbai,35,M,Influencer,1
C104563,09-11-2025,Hyderabad,47,F,Instagram Ads,0
C104564,31-07-2025,Mumbai,33,F,Instagram Ads,0
C104565,16-07-2024,Delhi,34,M,Referral  ,0
C104566,26-11-2025,Mumbai,37,F,Google Ads,0
C104567,02-10-2024,Chennai,41,M,Referral,1
C104568,14-12-2025,Pune,26,F,Offline Banner,0
C104569,08-11-2025,Delhi,30,F,Offline Banner,0
C104570,13-07-2024,Mumbai,38,M,Instagram Ads,1
C104571,14-11-2024,Chennai,23,F,Google Ads,1
C104572,22-12-2024,Delhi,18,M,Instagram Ads,1
C104573,24-02-2025,Delhi,27,F,Offline Banner,1
C104574,01-12-2024,Mumbai,,F,Google Ads,0
C104575,08-10-2024,Bengaluru,32,F,Referral,1
C104576,19-12-2025,Mumbai,27,Other,Influencer,1
C104577,23-06-2025,Delhi,39,M,Referral,0
C104578,24-03-2024,Bengaluru,35,M,Instagram Ads,0
C104579,19-03-2025,Delhi,24,F,Google Ads,0
C104580,02-08-2025,Bengaluru,29,F,Organic,0
C104581,22-08-2025,Bengaluru,22,F,Organic,0
C104582,23-03-2025,Bengaluru,32,M,Organic,0
C104583,02-06-2025,Delhi,36,F,Instagram Ads,1
C104584,12-08-2024,Bengaluru,18,F,Google Ads,0
C104585,30-04-2024,Mumbai,22,F,Organic,1
C104586,21-01-2025,Mumbai,44,F,Influencer,1
C104587,28-07-2025,Bengaluru,28,M,Instagram Ads,0
C104588,11-05-2025,Bengaluru,44,M,Instagram Ads,0
C104589,26-04-2025,Delhi,20,M,Organic,0
C104590,27-03-2025,Delhi,26,M,Referral,1
C104591,25-10-2025,Delhi,32,M,Instagram Ads,1
C104592,15-03-2024,Bengaluru,28,F,Referral,1
C104593,22-03-2025,Bengaluru,41,F,Offline Banner  ,1
C104594,22-03-2024,Hyderabad,30,F,Organic,0
C104595,25-09-2025,Hyderabad,36,F,Referral,0
C104596,21-08-2025,Pune,22,M,Influencer,0
C104597,14-12-2025,Mumbai,33,M,Instagram Ads,0
C104598,30-05-2025,Mumbai,28,M,Google Ads,0
C104599,13-01-2025,Pune,22,F,Referral,1
C104600,19-05-2024,Delhi,34,M,Referral,0
C104601,05-02-2025,Mumbai,41,F,Offline Banner,0
C104602,06-09-2024,Delhi,26,M,Google Ads,1
C104603,16-11-2025,Chennai,34,M,Instagram Ads,0
C104604,06-03-2025,Mumbai,29,M,Offline Banner,0
C104605,31-10-2024,Delhi,31,F,Instagram Ads,1
C104606,29-05-2025,Hyderabad,37,F,Google Ads,0
C104607,11-10-2024,Delhi,42,F,Referral,0
C104608,04-03-2025,Chennai,40,F,Offline Banner,1
C104609,04-05-2024,Mumbai,25,M,Referral,0
C104610,12-12-2024,Bengaluru,20,F,Referral,1
C104611,10-10-2025,Mumbai,18,M,Referral,0
C104612,16-09-2024,Pune,36,M,Offline Banner,0
C104613,14-06-2024,Pune,,F,Influencer,0
C104614,04-05-2025,Hyderabad,39,M,Instagram Ads,1
C104615,20-09-2025,Pune,22,M,Influencer,1
C104616,24-12-2024,Delhi,34,M,Influencer,1
C104617,01-02-2025,Chennai,18,F,Organic,0
C104618,27-06-2025,Bengaluru,35,F,Organic,0
C104619,30-11-2024,Pune,34,M,Referral,0
C104620,06-10-2024,Hyderabad,22,F,Organic,0
C104621,20-10-2025,Delhi,32,F,Organic,1
C104622,14-08-2024,Bengaluru,47,F,Instagram Ads  ,0
C104623,27-06-2025,Delhi,36,F,Google Ads,0
C104624,25-02-2024,Hyderabad,54,M,Instagram Ads,0
C104625,12-10-2025,Mumbai,32,M,Influencer,0
C104626,21-07-2025,Delhi,35,M,Organic,0
C104627,10-06-2025,Chennai,27,F,Referral,0
C104628,01-08-2025,Pune,32,F,Influencer,0
C104629,28-10-2025,Pune,23,M,Organic,1
C104630,15-11-2024,Hyderabad,38,F,Offline Banner,0
C104631,21-07-2025,Hyderabad,24,F,Instagram Ads,1
C104632,20-06-2025,Bengaluru,44,F,Referral,0
C104633,01-10-2025,Delhi,20,M,Organic,0
C104634,22-09-2025,Pune,28,F,Instagram Ads,0
C104635,08-11-2025,Pune,29,M,Google Ads,1
C104636,29-06-2024,Hyderabad,22,M,Google Ads,1
C104637,25-12-2024,Chennai,32,F,Influencer,0
C104638,20-02-2025,Bengaluru,26,M,Referral,0
C104639,24-07-2024,Mumbai,42,F,Referral,0
C104640,16-12-2024,Chennai,24,M,Google Ads,1
C104641,18-06-2025,Mumbai,34,Other,Instagram Ads,1
C104642,03-04-2025,Bengaluru,30,F,Offline Banner,0
C104643,03-08-2025,Mumbai,29,M,Google Ads,0
C104644,01-07-2025,Bengaluru,31,F,Referral,0
C104645,16-07-2024,Hyderabad,36,M,Instagram Ads,1
C104646,26-10-2025,Bengaluru,18,F,Google Ads,0
C104647,27-07-2024,Bengaluru,31,M,Offline Banner,0
C104648,13-09-2025,Mumbai,24,M,Offline Banner,0
C104649,12-10-2025,Bengaluru,25,F,Google Ads,0
C104650,12-10-2024,Pune,32,M,Instagram Ads,0
C104651,10-10-2024,Delhi,39,F,Google Ads,0
C104652,07-08-2025,Delhi,43,M,Google Ads,0
C104653,12-10-2025,Delhi,26,F,Organic,1
C104654,05-03-2025,Chennai,18,M,Referral,0
C104655,01-09-2024,Bengaluru,31,M,Organic,0
C104656,29-09-2024,Chennai,18,M,Organic,1
C104657,29-04-2025,Bengaluru,34,M,Google Ads,0
C104658,13-01-2025,Mumbai,23,F,Influencer,0
C104659,20-03-2025,Hyderabad,33,F,Influencer,0
C104660,01-07-2025,Delhi,24,F,Referral,1
C104661,07-04-2024,Mumbai,21,M,Offline Banner,0
C104662,19-06-2025,Mumbai,21,M,Influencer,1
C104663,15-05-2024,Mumbai,34,F,Referral,0
C104664,18-05-2024,Mumbai,20,F,Offline Banner,0
C104665,18-09-2025,Delhi,35,F,Organic,1
C104666,25-01-2025,Delhi,45,M,Referral,0
C104667,08-02-2025,Mumbai,44,F,Google Ads,0
C104668,09-02-2025,Hyderabad,18,M,Influencer,0
C104669,30-05-2025,Delhi,20,F,Instagram Ads,0
C104670,26-10-2024,Mumbai,34,F,Referral,0
C104671,26-08-2024,Delhi,22,F,Referral,0
C104672,29-05-2025,Bengaluru,35,M,Referral,0
C104673,24-02-2025,Bengaluru,18,F,Organic,0
C104674,02-09-2024,Pune,30,F,Referral,0
C104675,23-12-2024,Pune,38,M,Google Ads,1
C104676,26-05-2024,Mumbai,18,F,Influencer  ,0
C104677,21-01-2025,Delhi,30,F,Organic,0
C104678,25-04-2025,Delhi,29,M,Influencer,0
C104679,26-03-2024,Chennai,35,M,Google Ads,0
C104680,16-07-2025,Bengaluru,,M,Organic,0
C104681,28-01-2024,Delhi,19,F,Organic,0
C104682,05-07-2024,Delhi,18,F,Google Ads,0
C104683,13-09-2024,Bengaluru,41,F,Influencer,0
C104684,22-07-2025,Delhi,37,M,Instagram Ads  ,1
C104685,11-04-2025,Pune,30,F,Referral,0
C104686,27-03-2025,Bengaluru,30,M,Organic,0
C104687,09-12-2024,Bengaluru,34,F,Referral,0
C104688,23-03-2025,Mumbai,,F,Organic,0
C104689,28-06-2025,Delhi,18,F,Instagram Ads,0
C104690,13-06-2025,Bengaluru,18,M,Organic,0
C104691,11-03-2025,Hyderabad,18,M,Google Ads,0
C104692,15-10-2024,Mumbai,28,F,Referral,1
C104693,15-02-2025,Bengaluru,32,F,Google Ads,0
C104694,21-10-2024,Pune,39,M,Referral,0
C104695,05-07-2025,Delhi,,M,Organic,0
C104696,18-06-2025,Bengaluru,20,M,Influencer,0
C104697,23-09-2025,Mumbai,32,M,Referral,0
C104698,22-05-2025,Hyderabad,33,F,Google Ads,0
C104699,08-03-2024,Delhi,29,F,Referral,0
C104700,26-09-2025,Bengaluru,21,M,Organic,1
C104701,21-11-2024,Delhi,25,F,Google Ads,0
C104702,02-09-2025,Delhi,29,M,Google Ads,1
C104703,25-01-2025,Hyderabad,18,M,Referral,0
C104704,06-10-2025,Bengaluru,24,M,Google Ads,0
C104705,15-08-2025,Pune,19,M,Instagram Ads,0
C104706,01-06-2025,Bengaluru,35,F,Instagram Ads,0
C104707,20-08-2024,Bengaluru,23,M,Google Ads,0
C104708,20-11-2024,Hyderabad,20,F,Instagram Ads,0
C104709,30-06-2025,Mumbai,26,F,Referral,0
C104710,08-07-2025,Delhi,37,F,Instagram Ads,0
C104711,03-07-2025,Delhi,30,F,Google Ads,1
C104712,06-12-2024,Delhi,39,F,Google Ads,0
C104713,02-12-2025,Mumbai,38,M,Organic,0
C104714,14-03-2024,Chennai,25,M,Influencer,1
C104715,11-05-2024,Pune,32,F,Organic,0
C104716,06-06-2025,Chennai,39,M,Referral,0
C104717,22-08-2025,Chennai,27,M,Organic,0
C104718,07-11-2024,Mumbai,32,M,Instagram Ads,0
C104719,23-06-2024,Delhi,23,M,Instagram Ads,0
C104720,20-03-2024,Bengaluru,29,F,Instagram Ads,0
C104721,03-04-2024,Pune,28,F,Instagram Ads,0
C104722,04-05-2025,Mumbai,36,F,Google Ads,0
C104723,26-10-2025,Bengaluru,27,M,Referral,0
C104724,05-05-2024,Delhi,32,M,Instagram Ads,0
C104725,15-05-2024,Mumbai,34,M,Offline Banner,0
C104726,30-04-2025,Mumbai,24,F,Influencer,0
C104727,04-11-2024,Mumbai,27,M,Offline Banner,0
C104728,29-08-2024,Pune,34,M,Instagram Ads,0
C104729,10-12-2025,Delhi,45,M,Influencer,1
C104730,19-06-2025,Chennai,,M,Influencer  ,0
C104731,24-07-2024,Delhi,35,M,Offline Banner,0
C104732,25-08-2024,Chennai,40,F,Referral,0
C104733,24-02-2025,Bengaluru,31,M,Influencer,0
C104734,15-08-2024,Hyderabad,23,M,Instagram Ads,1
C104735,14-05-2025,Delhi,30,F,Instagram Ads  ,1
C104736,14-04-2025,Bengaluru,,M,Instagram Ads,0
C104737,18-07-2025,Pune,26,M,Offline Banner,0
C104738,02-10-2025,Delhi,34,M,Instagram Ads,0
C104739,27-07-2024,Delhi,30,F,Instagram Ads,0
C104740,08-02-2025,Mumbai,32,M,Offline Banner,1
C104741,23-11-2024,Delhi,21,M,Instagram Ads,0
C104742,26-08-2025,Delhi,26,M,Influencer,1
C104743,19-04-2025,Bengaluru,35,F,Influencer,0
C104744,13-09-2024,Delhi,18,F,Instagram Ads,1
C104745,13-09-2025,Bengaluru,20,F,Instagram Ads,0
C104746,06-09-2024,Pune,28,F,Referral,0
C104747,16-05-2024,Bengaluru,26,M,Offline Banner  ,0
C104748,31-03-2024,Delhi,37,F,Influencer,1
C104749,17-05-2025,Bengaluru,18,M,Google Ads,1
C104750,24-11-2025,Mumbai,30,M,Google Ads,1
C104751,09-11-2024,Mumbai,41,F,Google Ads,0
C104752,01-02-2025,Mumbai,33,F,Organic,0
C104753,12-04-2025,Chennai,18,M,Google Ads,1
C104754,29-11-2025,Hyderabad,50,F,Instagram Ads,0
C104755,20-12-2025,Delhi,26,F,Organic,0
C104756,30-11-2024,Mumbai,18,M,Referral,1
C104757,27-12-2024,Mumbai,37,M,Instagram Ads,0
C104758,11-01-2025,Chennai,24,M,Influencer,0
C104759,19-12-2024,Chennai,45,F,Referral,0
C104760,03-08-2025,Mumbai,36,F,Referral,0
C104761,23-09-2024,Mumbai,48,F,Organic,0
C104762,04-11-2025,Bengaluru,22,F,Referral,0
C104763,13-09-2025,Mumbai,41,F,Organic,0
C104764,26-02-2025,Delhi,24,F,Influencer,1
C104765,13-05-2024,Bengaluru,33,M,Organic,0
C104766,17-09-2024,Mumbai,32,F,Organic,1
C104767,21-11-2024,Bengaluru,42,F,Organic,0
C104768,29-09-2025,Mumbai,37,F,Referral,0
C104769,10-09-2024,Hyderabad,27,F,Instagram Ads,0
C104770,17-02-2025,Bengaluru,39,M,Google Ads,0
C104771,02-09-2025,Bengaluru,30,M,Organic,0
C104772,27-09-2024,Hyderabad,36,M,Google Ads,0
C104773,04-08-2024,Mumbai,33,F,Google Ads,0
C104774,13-03-2025,Delhi,29,M,Organic,0
C104775,07-04-2024,Delhi,20,F,Instagram Ads,0
C104776,31-07-2025,Delhi,32,F,Organic,1
C104777,21-07-2025,Delhi,25,M,Referral,0
C104778,01-02-2025,Hyderabad,21,F,Google Ads,1
C104779,14-06-2024,Mumbai,37,M,Google Ads,0
C104780,12-09-2025,Delhi,25,M,Instagram Ads,0
C104781,30-01-2025,Pune,18,M,Google Ads,1
C104782,09-04-2025,Hyderabad,31,F,Google Ads,0
C104783,03-12-2025,Mumbai,29,F,Google Ads,0
C104784,27-11-2024,Delhi,30,F,Organic,0
C104785,16-01-2025,Delhi,30,M,Referral,0
C104786,20-02-2025,Mumbai,22,M,Influencer,0
C104787,12-08-2024,Pune,27,F,Organic,0
C104788,11-10-2025,Delhi,39,M,Instagram Ads,0
C104789,04-08-2025,Bengaluru,37,F,Google Ads,0
C104790,04-10-2025,Chennai,28,M,Instagram Ads,0
C104791,01-11-2025,Bengaluru,35,M,Offline Banner,1
C104792,08-04-2025,Mumbai,31,M,Influencer,0
C104793,11-11-2025,Hyderabad,28,F,Instagram Ads  ,0
C104794,31-05-2025,Pune,40,M,Referral  ,0
C104795,21-11-2024,Bengaluru,23,M,Offline Banner,1
C104796,18-11-2024,Pune,33,F,Organic,1
C104797,06-12-2025,Bengaluru,18,M,Referral,0
C104798,14-02-2025,Pune,33,F,Google Ads,0
C104799,04-05-2024,Chennai,25,M,Google Ads,1
C104800,08-07-2025,Bengaluru,27,M,Organic,0
C104801,31-03-2024,Bengaluru,28,F,Influencer,0
C104802,24-11-2024,Bengaluru,18,M,Referral,1
C104803,13-04-2024,Hyderabad,18,M,Instagram Ads,0
C104804,02-09-2024,Pune,37,M,Offline Banner,1
C104805,31-05-2025,Delhi,31,F,Influencer,0
C104806,19-07-2025,Hyderabad,42,M,Instagram Ads,1
C104807,27-11-2024,Hyderabad,20,F,Instagram Ads,0
C104808,15-10-2025,Hyderabad,37,F,Referral,0
C104809,01-06-2024,Hyderabad,34,F,Google Ads,1
C104810,01-06-2024,Delhi,40,M,Google Ads,0
C104811,03-05-2024,Mumbai,30,Other,Instagram Ads,1
C104812,24-03-2025,Pune,31,F,Offline Banner,1
C104813,24-03-2024,Chennai,23,M,Influencer,0
C104814,15-03-2025,Delhi,28,F,Instagram Ads,0
C104815,18-10-2025,Bengaluru,27,M,Influencer,0
C104816,12-02-2025,Pune,20,M,Organic,0
C104817,13-04-2024,Hyderabad,32,F,Google Ads,0
C104818,30-07-2025,Bengaluru,38,F,Influencer,0
C104819,28-07-2025,Delhi,40,F,Referral,1
C104820,28-01-2025,Hyderabad,24,F,Influencer,1
C104821,27-10-2024,Hyderabad,30,M,Referral,0
C104822,21-08-2025,Hyderabad,29,M,Referral,1
C104823,17-12-2025,Hyderabad,42,F,Google Ads,1
C104824,14-02-2025,Mumbai,45,F,Google Ads,0
C104825,28-08-2024,Chennai,20,M,Referral,0
C104826,22-08-2024,Hyderabad,34,M,Offline Banner,0
C104827,03-04-2025,Bengaluru,35,M,Organic,0
C104828,26-07-2025,Chennai,29,F,Instagram Ads,0
C104829,13-06-2024,Pune,20,M,Instagram Ads,0
C104830,04-06-2025,Pune,36,M,Influencer,1
C104831,26-05-2025,Bengaluru,40,F,Google Ads,0
C104832,21-01-2025,Bengaluru,26,M,Google Ads,1
C104833,21-04-2025,Mumbai,40,M,Influencer,0
C104834,23-02-2025,Delhi,31,F,Offline Banner,0
C104835,25-07-2024,Bengaluru,42,F,Organic,0
C104836,11-07-2024,Bengaluru,42,M,Instagram Ads,1
C104837,13-10-2024,Delhi,30,F,Google Ads,0
C104838,07-11-2025,Chennai,34,M,Organic,0
C104839,05-08-2024,Bengaluru,25,F,Offline Banner,0
C104840,03-04-2025,Bengaluru,18,M,Offline Banner,0
C104841,19-04-2025,Mumbai,33,F,Referral,1
C104842,04-11-2024,Delhi,19,M,Influencer,0
C104843,29-10-2024,Pune,47,M,Instagram Ads,1
C104844,07-08-2025,Mumbai,40,F,Google Ads,0
C104845,08-09-2025,Bengaluru,29,F,Google Ads,0
C104846,05-08-2024,Bengaluru,52,M,Offline Banner,0
C104847,21-09-2025,Bengaluru,25,F,Instagram Ads,0
C104848,02-03-2025,Bengaluru,27,M,Google Ads,1
C104849,06-09-2025,Delhi,27,F,Offline Banner,0
C104850,14-04-2024,Mumbai,30,F,Google Ads,1
C104851,22-09-2024,Bengaluru,28,M,Instagram Ads,0
C104852,06-11-2025,Hyderabad,34,F,Organic,0
C104853,14-07-2025,Mumbai,23,F,Organic,0
C104854,19-06-2025,Delhi,32,F,Referral,0
C104855,06-06-2025,Delhi,26,F,Offline Banner,0
C104856,25-06-2024,Bengaluru,31,F,Instagram Ads,1
C104857,21-07-2025,Mumbai,22,F,Offline Banner,0
C104858,11-10-2024,Delhi,24,M,Organic  ,0
C104859,03-06-2025,Bengaluru,48,F,Google Ads,1
C104860,18-11-2024,Delhi,23,M,Influencer,0
C104861,13-12-2025,Bengaluru,35,M,Instagram Ads,0
C104862,18-05-2024,Mumbai,26,M,Instagram Ads,1
C104863,16-09-2024,Chennai,22,F,Offline Banner,0
C104864,30-09-2025,Delhi,31,M,Instagram Ads,1
C104865,13-02-2025,Mumbai,24,M,Instagram Ads,0
C104866,12-03-2025,Chennai,35,F,Google Ads  ,0
C104867,17-08-2025,Mumbai,30,M,Instagram Ads,1
C104868,20-02-2025,Bengaluru,41,F,Influencer,1
C104869,24-10-2024,Mumbai,20,M,Offline Banner,0
C104870,23-11-2024,Delhi,33,M,Referral,0
C104871,14-07-2024,Bengaluru,33,M,Google Ads,0
C104872,19-09-2025,Chennai,23,M,Referral,1
C104873,18-09-2025,Mumbai,25,M,Instagram Ads,1
C104874,02-12-2024,Bengaluru,19,M,Google Ads,0
C104875,23-11-2024,Bengaluru,18,M,Instagram Ads,1
C104876,28-10-2025,Mumbai,30,F,Referral,0
C104877,26-05-2025,Bengaluru,37,M,Organic,0
C104878,02-11-2025,Delhi,29,M,Offline Banner,0
C104879,01-12-2024,Mumbai,30,M,Organic,0
C104880,05-06-2025,Mumbai,20,M,Organic,1
C104881,02-09-2025,Pune,18,M,Google Ads  ,0
C104882,09-12-2025,Mumbai,33,M,Influencer,1
C104883,28-05-2024,Bengaluru,,M,Offline Banner,1
C104884,01-08-2025,Delhi,18,F,Offline Banner,0
C104885,06-05-2024,Delhi,,F,Instagram Ads,0
C104886,09-07-2024,Bengaluru,32,F,Organic,0
C104887,11-03-2025,Hyderabad,34,M,Organic  ,1
C104888,18-02-2025,Mumbai,32,F,Google Ads,1
C104889,09-08-2025,Mumbai,25,F,Offline Banner,0
C104890,12-03-2025,Chennai,35,F,Google Ads,1
C104891,23-05-2025,Delhi,30,M,Instagram Ads,0
C104892,23-08-2024,Hyderabad,23,F,Referral,0
C104893,20-06-2025,Hyderabad,22,F,Google Ads,1
C104894,04-08-2025,Hyderabad,32,F,Offline Banner,0
C104895,16-06-2025,Chennai,37,F,Referral,1
C104896,20-03-2024,Hyderabad,35,F,Google Ads,1
C104897,27-02-2025,Mumbai,32,M,Organic,0
C104898,30-07-2025,Mumbai,36,F,Instagram Ads,0
C104899,31-08-2024,Mumbai,49,F,Organic,0
C104900,11-04-2025,Delhi,33,F,Organic,0
C104901,03-07-2024,Chennai,32,F,Referral  ,0
C104902,31-10-2025,Delhi,35,M,Offline Banner,1
C104903,03-10-2024,Hyderabad,37,M,Referral,0
C104904,10-10-2024,Hyderabad,20,M,Organic,0
C104905,21-09-2024,Pune,32,F,Offline Banner,0
C104906,02-07-2024,Bengaluru,39,M,Organic,0
C104907,16-08-2025,Hyderabad,44,M,Google Ads,1
C104908,31-03-2025,Mumbai,31,M,Instagram Ads,0
C104909,14-12-2025,Hyderabad,27,M,Organic,0
C104910,17-11-2024,Mumbai,32,F,Offline Banner,1
C104911,06-04-2024,Pune,25,F,Referral,0
C104912,15-09-2025,Delhi,43,M,Google Ads,0
C104913,11-11-2024,Mumbai,34,F,Referral,1
C104914,07-12-2024,Bengaluru,30,F,Organic,0
C104915,10-11-2025,Hyderabad,39,M,Instagram Ads,0
C104916,29-07-2025,Hyderabad,21,M,Influencer,1
C104917,03-11-2025,Delhi,18,F,Influencer,0
C104918,12-05-2024,Delhi,34,M,Referral,0
C104919,04-12-2025,Mumbai,39,M,Instagram Ads,1
C104920,08-05-2024,Bengaluru,29,F,Organic,1
C104921,09-08-2025,Bengaluru,25,F,Instagram Ads,0
C104922,13-06-2024,Mumbai,23,M,Referral,0
C104923,26-06-2025,Bengaluru,21,F,Instagram Ads,0
C104924,15-09-2024,Mumbai,36,M,Referral,1
C104925,15-01-2025,Chennai,37,M,Google Ads,0
C104926,11-08-2025,Mumbai,38,M,Influencer,0
C104927,21-07-2025,Bengaluru,31,M,Influencer,0
C104928,19-10-2025,Bengaluru,21,M,Offline Banner,0
C104929,12-07-2024,Mumbai,25,F,Google Ads,1
C104930,26-04-2025,Mumbai,35,M,Instagram Ads,0
C104931,18-01-2025,Mumbai,22,F,Referral,0
C104932,30-01-2025,Delhi,30,Other,Instagram Ads,0
C104933,30-05-2025,Mumbai,22,M,Instagram Ads,0
C104934,06-07-2024,Mumbai,25,M,Referral,0
C104935,10-08-2024,Delhi,21,M,Referral,0
C104936,22-06-2024,Mumbai,31,F,Instagram Ads,0
C104937,23-04-2025,Mumbai,19,F,Referral,1
C104938,09-08-2025,Delhi,24,M,Referral,0
C104939,20-04-2025,Delhi,37,M,Google Ads,1
C104940,10-11-2025,Bengaluru,39,F,Influencer  ,0
C104941,30-04-2024,Hyderabad,36,F,Instagram Ads,0
C104942,04-03-2025,Chennai,42,F,Google Ads,0
C104943,05-10-2025,Delhi,20,F,Instagram Ads  ,0
C104944,06-03-2024,Delhi,30,F,Instagram Ads,0
C104945,16-05-2024,Delhi,31,M,Influencer,1
C104946,04-10-2024,Bengaluru,46,F,Google Ads,0
C104947,17-01-2025,Bengaluru,29,M,Organic,0
C104948,19-06-2024,Mumbai,37,F,Google Ads,0
C104949,15-07-2024,Hyderabad,44,F,Organic,0
C104950,26-09-2025,Hyderabad,32,M,Offline Banner,1
C104951,07-06-2025,Chennai,27,M,Influencer,0
C104952,05-11-2025,Delhi,,M,Instagram Ads,0
C104953,10-10-2024,Delhi,18,M,Influencer,0
C104954,05-10-2025,Mumbai,27,F,Referral,0
C104955,27-08-2024,Delhi,19,F,Google Ads,0
C104956,16-04-2025,Chennai,37,M,Organic,0
C104957,29-11-2024,Mumbai,18,M,Offline Banner,0
C104958,02-10-2025,Bengaluru,34,F,Instagram Ads,0
C104959,16-08-2025,Mumbai,40,M,Organic,0
C104960,29-11-2024,Delhi,36,F,Instagram Ads,0
C104961,29-11-2024,Delhi,27,M,Google Ads,0
C104962,05-07-2025,Mumbai,37,F,Influencer,0
C104963,15-06-2025,Bengaluru,31,F,Referral,1
C104964,12-04-2024,Chennai,27,F,Instagram Ads,0
C104965,31-10-2025,Bengaluru,28,M,Referral,1
C104966,29-01-2025,Bengaluru,34,F,Influencer,1
C104967,02-03-2024,Delhi,18,F,Referral,1
C104968,23-04-2025,Pune,26,F,Instagram Ads,1
C104969,12-03-2024,Delhi,33,M,Referral,1
C104970,24-09-2024,Pune,26,M,Offline Banner,0
C104971,18-01-2025,Bengaluru,20,F,Organic,1
C104972,10-04-2025,Delhi,23,M,Organic,0
C104973,24-01-2025,Mumbai,32,F,Influencer,0
C104974,19-08-2025,Chennai,34,F,Instagram Ads,1
C104975,16-11-2024,Mumbai,,F,Referral,0
C104976,10-08-2025,Mumbai,37,M,Google Ads,0
C104977,09-11-2024,Delhi,37,M,Instagram Ads,1
C104978,14-10-2024,Bengaluru,18,M,Instagram Ads,0
C104979,11-02-2025,Delhi,37,M,Influencer,0
C104980,19-12-2025,Hyderabad,26,F,Instagram Ads,0
C104981,09-11-2024,Chennai,19,M,Google Ads,1
C104982,08-12-2025,Chennai,35,F,Google Ads,1
C104983,13-03-2024,Delhi,32,M,Instagram Ads,1
C104984,27-05-2024,Bengaluru,38,F,Referral,0
C104985,09-12-2025,Delhi,26,M,Organic,0
C104986,29-06-2025,Bengaluru,30,M,Instagram Ads,0
C104987,22-11-2025,Pune,18,F,Instagram Ads,0
C104988,01-10-2025,Bengaluru,46,M,Organic,0
C104989,06-08-2025,Pune,20,M,Referral,0
C104990,22-10-2024,Pune,24,M,Organic,0
C104991,21-11-2025,Mumbai,22,M,Instagram Ads,1
C104992,01-08-2025,Bengaluru,32,F,Influencer,1
C104993,05-11-2024,Delhi,24,F,Referral,0
C104994,24-10-2024,Mumbai,39,M,Organic,0
C104995,16-05-2024,Delhi,33,F,Instagram Ads,0
C104996,12-10-2025,Chennai,19,M,Instagram Ads,1
C104997,12-05-2024,Mumbai,37,M,Organic,1
C104998,21-11-2025,Bengaluru,38,M,Instagram Ads,0
C104999,02-09-2025,Hyderabad,25,F,Instagram Ads,0
C105000,26-09-2025,Hyderabad,21,M,Referral,0
C105001,03-06-2025,Hyderabad,34,F,Referral,0
C105002,27-07-2024,Mumbai,36,M,Organic,1
C105003,29-03-2025,Hyderabad,22,F,Organic,0
C105004,17-08-2024,Bengaluru,38,F,Referral,1
C105005,24-03-2025,Bengaluru,26,M,Referral,0
C105006,07-02-2024,Delhi,40,F,Offline Banner  ,0
C105007,27-06-2024,Delhi,18,M,Referral,1
C105008,01-05-2024,Chennai,25,M,Organic,0
C105009,16-08-2025,Mumbai,,M,Google Ads,1
C105010,10-09-2025,Mumbai,23,M,Influencer,1
C105011,13-07-2025,Delhi,,M,Instagram Ads,0
C105012,06-01-2025,Delhi,28,M,Referral,0
C105013,31-07-2025,Delhi,29,M,Google Ads,1
C105014,24-07-2025,Bengaluru,27,M,Organic,0
C105015,27-10-2025,Chennai,20,F,Google Ads,0
C105016,17-11-2025,Mumbai,30,F,Organic,1
C105017,30-11-2024,Mumbai,29,M,Instagram Ads,1
C105018,20-03-2025,Bengaluru,22,F,Google Ads,1
C105019,27-02-2025,Mumbai,40,F,Influencer,0
C105020,17-09-2024,Chennai,33,M,Google Ads,1
C105021,04-09-2024,Mumbai,36,M,Instagram Ads,1
C105022,30-05-2025,Bengaluru,24,F,Referral,0
C105023,04-07-2024,Bengaluru,18,F,Offline Banner,0
C105024,16-06-2024,Hyderabad,44,F,Instagram Ads,0
C105025,05-08-2025,Bengaluru,32,F,Instagram Ads,1
C105026,03-06-2024,Delhi,,F,Referral,1
C105027,02-01-2025,Delhi,33,M,Google Ads,0
C105028,06-10-2025,Chennai,34,F,Google Ads,0
C105029,13-06-2025,Pune,22,F,Influencer,1
C105030,03-05-2024,Delhi,22,M,Instagram Ads,0
C105031,02-12-2024,Pune,22,F,Organic,0
C105032,03-03-2024,Bengaluru,35,F,Referral,0
C105033,09-12-2025,Bengaluru,21,M,Offline Banner,0
C105034,27-01-2025,Delhi,18,M,Offline Banner,0
C105035,06-10-2025,Hyderabad,25,F,Referral  ,0
C105036,15-11-2024,Delhi,28,F,Referral,0
C105037,12-12-2025,Hyderabad,30,F,Organic,0
C105038,02-10-2025,Delhi,27,M,Google Ads,1
C105039,15-02-2025,Hyderabad,34,M,Instagram Ads,1
C105040,06-06-2025,Delhi,40,M,Offline Banner,0
C105041,03-09-2025,Delhi,31,F,Google Ads,1
C105042,09-01-2024,Mumbai,40,F,Instagram Ads,0
C105043,03-03-2024,Delhi,35,F,Influencer,0
C105044,28-07-2025,Bengaluru,23,F,Referral,0
C105045,10-12-2024,Mumbai,24,M,Instagram Ads,1
C105046,21-06-2024,Chennai,23,M,Instagram Ads,0
C105047,25-01-2025,Bengaluru,29,F,Google Ads,0
C105048,02-02-2025,Bengaluru,28,F,Offline Banner,0
C105049,28-04-2025,Delhi,35,M,Offline Banner,1
C105050,12-08-2024,Mumbai,29,M,Google Ads,0
C105051,01-07-2024,Delhi,32,F,Influencer,0
C105052,24-12-2025,Hyderabad,21,F,Referral,1
C105053,01-11-2025,Mumbai,32,M,Organic,1
C105054,15-10-2025,Hyderabad,27,M,Google Ads,0
C105055,21-09-2025,Mumbai,26,F,Referral,0
C105056,17-03-2025,Chennai,25,M,Google Ads,0
C105057,20-12-2024,Delhi,43,Other,Instagram Ads,1
C105058,27-10-2024,Delhi,,M,Instagram Ads,0
C105059,20-03-2025,Bengaluru,36,F,Google Ads,0
C105060,09-06-2025,Chennai,30,F,Offline Banner,0
C105061,13-11-2025,Bengaluru,20,M,Offline Banner,1
C105062,15-09-2024,Delhi,28,M,Influencer,1
C105063,26-02-2024,Bengaluru,18,F,Instagram Ads,0
C105064,24-04-2024,Pune,44,M,Referral,0
C105065,30-05-2024,Delhi,,M,Google Ads,1
C105066,25-04-2024,Delhi,39,M,Google Ads,1
C105067,09-10-2025,Pune,41,M,Instagram Ads,1
C105068,18-08-2025,Pune,26,F,Referral,1
C105069,27-11-2024,Hyderabad,31,F,Instagram Ads,1
C105070,18-12-2025,Chennai,32,M,Influencer,0
C105071,02-08-2024,Delhi,,F,Organic,0
C105072,17-11-2025,Bengaluru,29,M,Google Ads  ,0
C105073,18-04-2024,Hyderabad,30,M,Organic,0
C105074,11-08-2024,Hyderabad,19,M,Instagram Ads,0
C105075,24-10-2025,Hyderabad,23,F,Google Ads,0
C105076,12-11-2024,Chennai,27,F,Google Ads,0
C105077,10-07-2024,Mumbai,41,M,Influencer,1
C105078,30-06-2025,Delhi,46,M,Instagram Ads,0
C105079,12-12-2024,Mumbai,35,M,Referral,0
C105080,13-08-2025,Bengaluru,33,F,Instagram Ads,0
C105081,06-08-2025,Delhi,36,F,Google Ads,0
C105082,19-08-2025,Pune,25,M,Instagram Ads,1
C105083,10-07-2025,Delhi,42,F,Organic,1
C105084,12-05-2024,Delhi,19,F,Referral,0
C105085,01-11-2024,Bengaluru,27,F,Organic  ,0
C105086,10-05-2025,Hyderabad,36,M,Instagram Ads,1
C105087,30-04-2025,Mumbai,27,M,Instagram Ads,0
C105088,03-08-2025,Hyderabad,,F,Organic  ,0
C105089,04-04-2025,Mumbai,36,F,Instagram Ads,0
C105090,10-10-2025,Delhi,38,M,Google Ads,1
C105091,04-07-2024,Delhi,24,M,Google Ads,1
C105092,29-08-2025,Hyderabad,38,M,Organic,0
C105093,29-10-2024,Mumbai,37,M,Organic,1
C105094,23-07-2025,Chennai,43,M,Instagram Ads,0
C105095,16-03-2025,Bengaluru,18,M,Referral,1
C105096,17-08-2025,Mumbai,24,M,Organic,0
C105097,11-05-2025,Mumbai,33,M,Google Ads,0
C105098,04-06-2025,Delhi,33,F,Google Ads,0
C105099,13-04-2025,Bengaluru,30,M,Organic,1
C105100,23-05-2025,Bengaluru,18,F,Organic,0
C105101,03-03-2025,Hyderabad,,M,Instagram Ads,0
C105102,25-07-2025,Delhi,33,M,Organic,0
C105103,10-03-2025,Mumbai,30,M,Referral,0
C105104,03-06-2024,Delhi,30,F,Organic,0
C105105,22-04-2024,Mumbai,38,F,Instagram Ads,0
C105106,07-09-2024,Mumbai,29,M,Google Ads,0
C105107,23-01-2025,Chennai,20,M,Referral,0
C105108,07-04-2024,Bengaluru,42,M,Referral,0
C105109,30-12-2024,Hyderabad,41,F,Google Ads,0
C105110,11-05-2025,Mumbai,30,M,Organic,0
C105111,18-09-2024,Delhi,38,F,Referral  ,0
C105112,21-11-2025,Delhi,18,F,Organic,0
C105113,14-11-2024,Delhi,29,F,Instagram Ads,0
C105114,27-09-2025,Bengaluru,18,Other,Organic,0
C105115,16-08-2025,Mumbai,39,F,Referral,1
C105116,16-02-2025,Pune,19,F,Instagram Ads,0
C105117,08-11-2024,Chennai,27,F,Instagram Ads  ,1
C105118,12-10-2025,Mumbai,32,M,Instagram Ads,0
C105119,18-03-2024,Hyderabad,37,M,Referral,0
C105120,20-02-2024,Bengaluru,35,M,Google Ads,0
C105121,17-06-2024,Delhi,40,F,Offline Banner,0
C105122,29-03-2025,Chennai,37,F,Influencer,0
C105123,05-04-2025,Delhi,41,M,Influencer,0
C105124,16-10-2024,Hyderabad,18,F,Referral,0
C105125,12-04-2025,Mumbai,27,M,Influencer,1
C105126,12-11-2024,Mumbai,34,M,Google Ads,0
C105127,04-06-2025,Mumbai,43,M,Referral,0
C105128,21-01-2025,Pune,26,M,Google Ads,0
C105129,05-10-2025,Delhi,46,M,Instagram Ads,0
C105130,10-07-2025,Delhi,33,F,Instagram Ads,0
C105131,15-12-2024,Mumbai,25,F,Referral,0
C105132,03-12-2024,Delhi,21,M,Instagram Ads,0
C105133,05-03-2025,Hyderabad,36,M,Organic,1
C105134,18-04-2024,Hyderabad,25,F,Offline Banner,1
C105135,25-10-2025,Pune,28,F,Instagram Ads,0
C105136,21-10-2024,Hyderabad,32,F,Referral,0
C105137,24-11-2024,Chennai,32,M,Organic,1
C105138,11-11-2025,Hyderabad,46,M,Google Ads,0
C105139,07-11-2025,Chennai,34,M,Offline Banner,0
C105140,03-11-2024,Delhi,26,M,Influencer,0
C105141,17-11-2024,Bengaluru,25,F,Instagram Ads,0
C105142,12-10-2025,Chennai,44,M,Instagram Ads,0
C105143,01-02-2025,Hyderabad,26,F,Offline Banner,1
C105144,24-05-2025,Pune,35,F,Offline Banner,0
C105145,18-09-2024,Delhi,32,M,Google Ads,0
C105146,17-12-2025,Pune,34,F,Instagram Ads,0
C105147,14-11-2025,Hyderabad,42,F,Organic,0
C105148,25-09-2025,Delhi,33,F,Google Ads,0
C105149,30-08-2025,Delhi,37,F,Offline Banner  ,1
C105150,10-10-2025,Delhi,33,M,Influencer,1
C105151,31-03-2025,Chennai,27,F,Organic  ,0
C105152,31-08-2025,Bengaluru,34,M,Google Ads,1
C105153,19-06-2025,Chennai,25,M,Organic,0
C105154,12-12-2025,Mumbai,21,F,Google Ads,0
C105155,28-05-2025,Chennai,35,M,Instagram Ads,0
C105156,06-07-2025,Mumbai,34,M,Referral,0
C105157,18-12-2024,Delhi,33,M,Referral  ,1
C105158,05-11-2024,Delhi,30,M,Organic,0
C105159,19-11-2025,Chennai,30,F,Influencer  ,0
C105160,31-08-2025,Mumbai,22,Other,Google Ads,0
C105161,14-06-2024,Delhi,18,M,Referral,1
C105162,07-07-2024,Delhi,38,M,Referral,1
C105163,02-09-2025,Mumbai,37,M,Google Ads  ,0
C105164,08-03-2025,Pune,28,M,Organic,0
C105165,09-10-2025,Bengaluru,42,M,Referral,1
C105166,17-06-2025,Bengaluru,34,F,Offline Banner,0
C105167,03-02-2025,Chennai,33,F,Organic,0
C105168,06-10-2024,Bengaluru,47,F,Instagram Ads,0
C105169,15-08-2025,Pune,20,M,Instagram Ads,0
C105170,23-05-2025,Mumbai,30,M,Google Ads,0
C105171,07-12-2024,Chennai,24,M,Google Ads,1
C105172,25-02-2024,Delhi,28,M,Google Ads,0
C105173,18-10-2024,Hyderabad,30,F,Instagram Ads,0
C105174,29-04-2025,Bengaluru,30,M,Offline Banner,0
C105175,08-09-2024,Delhi,22,M,Instagram Ads,0
C105176,13-09-2024,Mumbai,31,M,Organic,1
C105177,25-08-2025,Mumbai,24,F,Instagram Ads,0
C105178,25-09-2025,Delhi,40,M,Google Ads,0
C105179,20-11-2025,Bengaluru,37,F,Google Ads,0
C105180,07-06-2024,Chennai,33,M,Google Ads,1
C105181,11-08-2024,Bengaluru,27,F,Referral,1
C105182,30-11-2025,Bengaluru,32,M,Organic,0
C105183,29-07-2025,Delhi,36,F,Referral,1
C105184,25-12-2025,Delhi,28,F,Organic,0
C105185,05-07-2025,Bengaluru,18,M,Influencer,0
C105186,30-12-2025,Chennai,36,M,Influencer,0
C105187,25-07-2025,Pune,,M,Organic,1
C105188,29-10-2025,Mumbai,33,F,Instagram Ads,1
C105189,24-03-2025,Bengaluru,24,F,Offline Banner,0
C105190,17-09-2025,Bengaluru,38,F,Offline Banner,1
C105191,26-10-2024,Hyderabad,40,F,Organic,0
C105192,23-09-2025,Hyderabad,33,M,Referral,0
C105193,01-07-2025,Hyderabad,27,F,Google Ads,0
C105194,27-10-2025,Delhi,27,M,Organic,1
C105195,18-10-2025,Chennai,27,M,Influencer,0
C105196,28-04-2025,Delhi,27,M,Organic,1
C105197,23-08-2025,Mumbai,28,F,Organic,1
C105198,07-04-2025,Chennai,,F,Instagram Ads,0
C105199,29-12-2024,Bengaluru,38,F,Google Ads,0
C105200,17-02-2025,Delhi,42,M,Organic,0
C105201,14-09-2024,Delhi,23,M,Instagram Ads,1
C105202,02-04-2025,Bengaluru,25,M,Organic,0
C105203,08-08-2025,Delhi,37,M,Organic,0
C105204,04-06-2024,Mumbai,23,F,Google Ads,0
C105205,01-11-2025,Mumbai,21,M,Instagram Ads,0
C105206,04-12-2024,Pune,23,M,Influencer,0
C105207,08-07-2025,Delhi,29,F,Instagram Ads,1
C105208,29-03-2025,Hyderabad,44,M,Google Ads,0
C105209,28-06-2025,Mumbai,29,F,Organic,0
C105210,13-03-2024,Bengaluru,33,F,Influencer,0
C105211,07-03-2025,Delhi,21,F,Influencer  ,1
C105212,29-06-2025,Bengaluru,39,M,Referral,0
C105213,26-08-2025,Bengaluru,37,M,Referral,1
C105214,16-06-2025,Delhi,27,F,Influencer,0
C105215,23-09-2025,Pune,25,M,Referral,0
C105216,05-03-2024,Pune,38,F,Referral,1
C105217,14-12-2024,Delhi,29,M,Google Ads,0
C105218,18-11-2025,Bengaluru,25,F,Google Ads,1
C105219,04-04-2025,Bengaluru,28,M,Referral,0
C105220,06-12-2024,Delhi,32,M,Google Ads,0
C105221,10-04-2025,Mumbai,36,F,Google Ads,0
C105222,13-02-2025,Chennai,33,F,Offline Banner,0
C105223,29-07-2025,Bengaluru,33,F,Google Ads  ,0
C105224,21-09-2025,Chennai,29,M,Google Ads,0
C105225,15-04-2025,Bengaluru,32,F,Google Ads,0
C105226,13-05-2025,Delhi,27,F,Referral,0
C105227,13-11-2024,Delhi,28,M,Offline Banner,0
C105228,25-03-2025,Hyderabad,42,M,Influencer,1
C105229,20-06-2025,Bengaluru,31,M,Influencer,0
C105230,12-07-2024,Delhi,28,M,Influencer,0
C105231,19-02-2025,Bengaluru,25,F,Offline Banner,1
C105232,21-08-2025,Pune,18,M,Instagram Ads,0
C105233,03-12-2025,Hyderabad,47,M,Referral,0
C105234,30-09-2025,Delhi,48,M,Google Ads,1
C105235,10-10-2025,Delhi,36,M,Google Ads,0
C105236,10-04-2024,Chennai,22,M,Organic,1
C105237,20-10-2025,Pune,52,M,Google Ads,1
C105238,21-06-2025,Mumbai,19,M,Organic,0
C105239,27-11-2024,Pune,,F,Google Ads,0
C105240,01-05-2025,Delhi,18,M,Google Ads,0
C105241,01-06-2025,Delhi,18,F,Google Ads,0
C105242,29-11-2024,Delhi,32,M,Influencer,0
C105243,07-11-2025,Delhi,33,M,Organic,0
C105244,14-07-2025,Pune,31,F,Offline Banner,1
C105245,19-03-2025,Bengaluru,42,M,Influencer,0
C105246,07-09-2025,Delhi,30,M,Referral,0
C105247,06-03-2025,Pune,,M,Google Ads,1
C105248,16-04-2025,Pune,24,F,Organic,1
C105249,09-06-2024,Delhi,41,M,Organic,0
C105250,09-10-2025,Bengaluru,42,F,Referral,1
C105251,01-03-2024,Hyderabad,28,M,Instagram Ads,0
C105252,10-03-2025,Hyderabad,34,M,Referral,0
C105253,22-07-2025,Hyderabad,25,F,Google Ads,0
C105254,21-12-2025,Delhi,29,M,Offline Banner,0
C105255,12-12-2025,Mumbai,36,M,Organic,0
C105256,07-11-2024,Pune,34,F,Google Ads,0
C105257,31-03-2025,Pune,18,F,Instagram Ads,0
C105258,09-03-2025,Mumbai,21,F,Organic,0
C105259,24-12-2025,Delhi,26,M,Organic,0
C105260,27-02-2024,Pune,32,F,Referral,1
C105261,19-04-2024,Mumbai,23,M,Organic,0
C105262,27-07-2024,Mumbai,19,Other,Organic,0
C105263,08-06-2025,Mumbai,18,M,Google Ads,1
C105264,25-12-2024,Mumbai,47,Other,Offline Banner,1
C105265,14-11-2024,Mumbai,32,M,Referral,0
C105266,04-12-2024,Bengaluru,19,F,Instagram Ads,0
C105267,23-07-2025,Delhi,39,F,Google Ads,1
C105268,23-02-2025,Chennai,42,F,Instagram Ads,0
C105269,22-01-2025,Chennai,32,F,Google Ads,0
C105270,14-11-2025,Chennai,35,M,Organic,0
C105271,14-04-2025,Pune,41,M,Instagram Ads,0
C105272,15-05-2025,Bengaluru,35,M,Influencer,1
C105273,23-07-2025,Delhi,36,F,Organic,1
C105274,05-05-2025,Delhi,,F,Google Ads,0
C105275,15-12-2024,Delhi,18,M,Google Ads,1
C105276,01-12-2025,Mumbai,37,M,Referral,0
C105277,27-06-2024,Bengaluru,29,M,Google Ads,0
C105278,25-07-2025,Chennai,27,F,Instagram Ads,0
C105279,22-10-2025,Mumbai,38,F,Instagram Ads,0
C105280,03-05-2025,Bengaluru,23,M,Google Ads,0
C105281,23-06-2025,Hyderabad,30,F,Instagram Ads,1
C105282,23-05-2024,Delhi,31,F,Instagram Ads,0
C105283,10-11-2025,Chennai,36,M,Influencer,1
C105284,03-06-2025,Bengaluru,33,M,Google Ads,0
C105285,09-04-2025,Mumbai,33,F,Referral,0
C105286,21-10-2025,Chennai,27,F,Instagram Ads,1
C105287,12-01-2025,Bengaluru,27,F,Instagram Ads,0
C105288,12-03-2025,Bengaluru,33,M,Organic,0
C105289,03-06-2025,Bengaluru,26,M,Instagram Ads,0
C105290,01-11-2024,Hyderabad,24,M,Instagram Ads,0
C105291,06-02-2025,Delhi,41,M,Referral  ,0
C105292,31-10-2025,Pune,25,F,Instagram Ads,0
C105293,25-07-2025,Chennai,27,M,Google Ads,0
C105294,08-10-2025,Bengaluru,40,F,Google Ads,0
C105295,17-10-2025,Hyderabad,25,M,Google Ads  ,0
C105296,03-08-2025,Pune,33,M,Instagram Ads,1
C105297,06-03-2025,Mumbai,34,F,Offline Banner,0
C105298,24-11-2024,Chennai,30,M,Referral,1
C105299,28-10-2025,Hyderabad,27,M,Referral,1
C105300,02-03-2024,Mumbai,21,Other,Organic,0
C105301,20-09-2024,Bengaluru,36,F,Influencer,0
C105302,09-07-2024,Bengaluru,39,M,Organic,0
C105303,15-04-2025,Delhi,38,M,Organic,1
C105304,15-11-2024,Hyderabad,33,F,Referral,0
C105305,06-07-2025,Bengaluru,18,F,Google Ads,0
C105306,27-01-2025,Hyderabad,37,M,Influencer,0
C105307,14-06-2025,Delhi,30,F,Influencer,1
C105308,20-10-2024,Bengaluru,26,M,Instagram Ads,0
C105309,09-04-2025,Hyderabad,36,Other,Referral,0
C105310,25-03-2024,Chennai,32,M,Organic  ,1
C105311,17-07-2025,Pune,39,M,Instagram Ads,1
C105312,04-06-2025,Pune,33,M,Offline Banner,0
C105313,10-12-2025,Delhi,28,M,Referral,1
C105314,03-04-2025,Pune,28,M,Organic,1
C105315,16-10-2025,Delhi,,M,Instagram Ads,1
C105316,04-09-2025,Delhi,20,M,Google Ads,1
C105317,15-11-2025,Delhi,26,M,Instagram Ads,1
C105318,12-09-2025,Pune,18,F,Google Ads,0
C105319,21-04-2024,Delhi,34,M,Referral,0
C105320,03-03-2025,Delhi,36,M,Influencer,0
C105321,02-08-2025,Delhi,24,F,Referral,0
C105322,15-04-2024,Bengaluru,22,F,Google Ads,1
C105323,26-01-2025,Pune,38,F,Instagram Ads,0
C105324,07-08-2025,Mumbai,25,F,Organic,1
C105325,15-10-2024,Bengaluru,36,F,Google Ads,1
C105326,17-11-2025,Delhi,30,F,Offline Banner,0
C105327,08-01-2025,Mumbai,,F,Organic,0
C105328,03-12-2024,Delhi,35,M,Influencer,0
C105329,20-05-2025,Mumbai,31,F,Instagram Ads,0
C105330,08-05-2025,Bengaluru,42,M,Organic,0
C105331,11-05-2025,Mumbai,25,M,Instagram Ads,0
C105332,27-05-2025,Pune,20,M,Referral  ,0
C105333,01-11-2024,Chennai,30,M,Referral,0
C105334,06-08-2025,Delhi,34,M,Referral,0
C105335,18-03-2025,Delhi,29,M,Instagram Ads,0
C105336,14-04-2024,Hyderabad,45,M,Referral,0
C105337,28-07-2025,Delhi,40,M,Instagram Ads,0
C105338,12-08-2025,Mumbai,26,F,Instagram Ads,0
C105339,01-10-2024,Mumbai,31,M,Organic,0
C105340,29-04-2025,Chennai,18,M,Offline Banner,1
C105341,29-01-2025,Bengaluru,39,M,Organic,1
C105342,07-07-2025,Delhi,25,F,Referral,0
C105343,18-07-2025,Delhi,32,F,Instagram Ads,0
C105344,24-12-2024,Delhi,28,F,Instagram Ads,0
C105345,04-08-2025,Mumbai,19,M,Instagram Ads,1
C105346,31-03-2024,Bengaluru,37,M,Offline Banner,0
C105347,30-09-2024,Pune,22,F,Google Ads,0
C105348,13-07-2024,Mumbai,26,M,Influencer,0
C105349,01-04-2025,Mumbai,37,M,Organic,1
C105350,14-07-2025,Mumbai,23,M,Organic,0
C105351,23-03-2025,Delhi,42,F,Offline Banner,1
C105352,24-11-2025,Chennai,23,M,Instagram Ads,0
C105353,10-09-2024,Delhi,21,F,Referral,0
C105354,25-07-2025,Mumbai,,M,Influencer  ,0
C105355,18-03-2025,Delhi,44,F,Referral,1
C105356,22-02-2025,Bengaluru,30,M,Google Ads,0
C105357,29-09-2025,Chennai,38,M,Instagram Ads,0
C105358,17-07-2025,Delhi,20,F,Organic,1
C105359,06-03-2025,Mumbai,28,M,Instagram Ads,0
C105360,07-07-2025,Delhi,28,F,Offline Banner,0
C105361,27-06-2025,Hyderabad,20,F,Instagram Ads,0
C105362,04-10-2025,Bengaluru,18,M,Organic,0
C105363,04-07-2025,Hyderabad,29,M,Organic,0
C105364,04-03-2025,Mumbai,43,F,Referral,1
C105365,19-10-2025,Pune,32,F,Referral,1
C105366,21-08-2025,Mumbai,25,F,Influencer,1
C105367,22-11-2025,Bengaluru,18,M,Organic,0
C105368,24-06-2024,Hyderabad,28,F,Influencer,0
C105369,21-08-2024,Bengaluru,27,M,Instagram Ads,1
C105370,13-03-2025,Delhi,34,M,Instagram Ads  ,1
C105371,30-03-2025,Mumbai,28,F,Instagram Ads,0
C105372,09-10-2025,Delhi,36,F,Instagram Ads,0
C105373,27-12-2024,Mumbai,37,M,Organic,1
C105374,28-07-2025,Bengaluru,30,F,Referral,0
C105375,29-11-2025,Delhi,30,M,Organic,1
C105376,01-12-2025,Bengaluru,31,M,Instagram Ads,0
C105377,08-11-2024,Pune,18,F,Google Ads,0
C105378,06-06-2024,Mumbai,36,M,Influencer,0
C105379,12-01-2025,Delhi,44,M,Offline Banner,1
C105380,08-01-2025,Pune,31,F,Offline Banner,0
C105381,27-08-2025,Hyderabad,24,F,Influencer,1
C105382,07-07-2025,Delhi,30,F,Organic,0
C105383,18-08-2024,Mumbai,27,F,Offline Banner,0
C105384,13-12-2024,Bengaluru,31,M,Organic,0
C105385,16-05-2024,Bengaluru,28,M,Offline Banner,0
C105386,16-02-2025,Bengaluru,18,F,Instagram Ads,0
C105387,29-01-2025,Bengaluru,31,M,Offline Banner,0
C105388,03-08-2024,Hyderabad,48,F,Referral,0
C105389,24-06-2025,Mumbai,20,F,Instagram Ads,1
C105390,09-04-2025,Hyderabad,39,F,Instagram Ads,1
C105391,28-07-2024,Chennai,34,F,Influencer,0
C105392,18-01-2025,Mumbai,23,M,Referral,0
C105393,23-09-2025,Hyderabad,20,F,Offline Banner,1
C105394,01-11-2025,Delhi,33,F,Instagram Ads,0
C105395,03-02-2025,Mumbai,33,F,Google Ads,0
C105396,01-06-2024,Chennai,18,M,Google Ads  ,0
C105397,19-08-2025,Delhi,38,M,Referral,1
C105398,31-07-2025,Delhi,27,M,Organic,0
C105399,29-10-2025,Bengaluru,34,F,Organic,0
C105400,11-04-2025,Mumbai,36,M,Instagram Ads,0
C105401,08-12-2024,Bengaluru,38,F,Instagram Ads,1
C105402,16-03-2025,Delhi,23,M,Instagram Ads,1
C105403,10-11-2025,Delhi,47,F,Influencer,0
C105404,01-03-2025,Mumbai,23,M,Google Ads,1
C105405,22-01-2025,Bengaluru,38,F,Google Ads,0
C105406,23-11-2024,Bengaluru,27,F,Referral,0
C105407,18-11-2024,Bengaluru,31,M,Influencer,0
C105408,14-07-2024,Bengaluru,30,F,Instagram Ads,0
C105409,26-11-2025,Delhi,,F,Instagram Ads,1
C105410,28-11-2025,Hyderabad,39,F,Organic  ,0
C105411,03-10-2024,Delhi,26,F,Offline Banner,0
C105412,26-02-2024,Delhi,23,Other,Organic  ,0
C105413,31-03-2024,Hyderabad,18,M,Google Ads,1
C105414,06-12-2025,Mumbai,32,M,Referral,0
C105415,05-07-2024,Bengaluru,29,F,Offline Banner,1
C105416,18-01-2025,Mumbai,31,F,Referral,0
C105417,31-08-2024,Bengaluru,30,M,Google Ads,0
C105418,30-11-2025,Mumbai,,M,Google Ads,1
C105419,23-11-2024,Chennai,26,F,Offline Banner,1
C105420,06-01-2025,Mumbai,33,F,Organic,0
C105421,01-07-2025,Bengaluru,30,M,Organic,0
C105422,06-12-2024,Pune,23,F,Instagram Ads,1
C105423,31-12-2024,Bengaluru,25,M,Referral,0
C105424,06-02-2025,Bengaluru,,M,Google Ads,0
C105425,21-12-2025,Bengaluru,37,M,Google Ads,0
C105426,09-12-2024,Bengaluru,36,F,Influencer,0
C105427,11-06-2025,Pune,29,F,Google Ads,0
C105428,24-06-2025,Delhi,18,M,Google Ads,0
C105429,04-04-2025,Pune,,M,Offline Banner,0
C105430,23-03-2024,Bengaluru,28,F,Instagram Ads,0
C105431,23-05-2025,Pune,18,F,Organic,0
C105432,15-04-2024,Delhi,40,Other,Organic,1
C105433,16-02-2025,Pune,24,F,Offline Banner,1
C105434,14-10-2025,Delhi,28,M,Influencer,1
C105435,18-07-2025,Hyderabad,44,F,Organic,0
C105436,25-07-2025,Mumbai,39,M,Google Ads,0
C105437,07-09-2024,Hyderabad,33,F,Referral,0
C105438,21-06-2024,Bengaluru,32,M,Offline Banner,0
C105439,19-12-2024,Delhi,24,M,Instagram Ads,0
C105440,16-10-2024,Bengaluru,37,M,Influencer  ,0
C105441,15-09-2024,Mumbai,32,M,Google Ads,1
C105442,20-09-2024,Bengaluru,29,M,Instagram Ads,0
C105443,02-01-2025,Hyderabad,36,M,Instagram Ads,0
C105444,18-11-2025,Delhi,36,M,Instagram Ads,0
C105445,16-11-2024,Bengaluru,23,M,Offline Banner,0
C105446,21-04-2025,Bengaluru,38,F,Influencer,0
C105447,29-05-2024,Mumbai,30,M,Referral,0
C105448,24-09-2025,Chennai,31,F,Organic,1
C105449,04-06-2024,Bengaluru,20,M,Referral,1
C105450,24-01-2025,Delhi,20,M,Influencer,0
C105451,11-06-2025,Delhi,19,F,Influencer,0
C105452,23-04-2024,Bengaluru,50,M,Instagram Ads,0
C105453,22-07-2024,Mumbai,49,M,Referral,0
C105454,07-06-2025,Delhi,18,F,Organic,0
C105455,04-07-2025,Delhi,18,M,Offline Banner,0
C105456,17-07-2024,Bengaluru,26,M,Organic,0
C105457,07-06-2024,Bengaluru,39,F,Influencer,0
C105458,30-05-2025,Delhi,36,M,Influencer,1
C105459,07-03-2025,Bengaluru,48,F,Referral,0
C105460,18-02-2025,Chennai,28,M,Influencer,0
C105461,07-02-2025,Chennai,25,M,Google Ads,0
C105462,02-10-2024,Pune,31,M,Google Ads,1
C105463,13-02-2025,Pune,29,F,Influencer,1
C105464,30-06-2025,Delhi,30,M,Instagram Ads,0
C105465,20-12-2025,Delhi,31,M,Google Ads,1
C105466,21-10-2024,Mumbai,47,M,Organic,1
C105467,12-04-2025,Bengaluru,31,M,Google Ads,1
C105468,24-11-2024,Pune,22,M,Offline Banner,0
C105469,15-09-2025,Delhi,28,M,Offline Banner,0
C105470,12-08-2025,Mumbai,36,F,Referral,1
C105471,29-04-2024,Bengaluru,35,F,Referral,0
C105472,26-03-2025,Mumbai,35,M,Organic,0
C105473,20-09-2025,Mumbai,18,M,Referral,0
C105474,11-09-2025,Delhi,,F,Instagram Ads,0
C105475,27-05-2024,Chennai,29,F,Organic,0
C105476,22-05-2024,Mumbai,34,M,Organic,0
C105477,08-03-2025,Bengaluru,24,M,Google Ads,1
C105478,20-07-2025,Delhi,42,M,Influencer,0
C105479,14-05-2024,Bengaluru,35,M,Organic,0
C105480,02-06-2024,Delhi,26,M,Instagram Ads,1
C105481,09-12-2025,Delhi,53,Other,Organic,0
C105482,03-06-2024,Mumbai,27,M,Instagram Ads,0
C105483,21-03-2025,Delhi,28,M,Google Ads,0
C105484,25-09-2025,Bengaluru,27,F,Influencer,0
C105485,05-09-2025,Mumbai,31,M,Offline Banner,1
C105486,30-09-2024,Pune,22,M,Google Ads,1
C105487,08-05-2025,Delhi,36,F,Offline Banner,0
C105488,15-06-2025,Delhi,37,M,Instagram Ads  ,0
C105489,17-08-2024,Pune,36,F,Instagram Ads,0
C105490,18-04-2024,Delhi,27,M,Instagram Ads  ,0
C105491,24-10-2025,Delhi,27,M,Google Ads,0
C105492,19-12-2025,Delhi,35,F,Google Ads,1
C105493,13-06-2025,Pune,32,M,Offline Banner,0
C105494,05-04-2024,Pune,24,F,Google Ads,0
C105495,24-02-2024,Mumbai,18,M,Google Ads,0
C105496,04-02-2025,Bengaluru,27,M,Organic,0
C105497,12-01-2025,Bengaluru,35,F,Google Ads,0
C105498,27-05-2025,Pune,34,F,Organic,0
C105499,30-11-2025,Delhi,18,F,Google Ads,0
C105500,17-11-2024,Pune,37,M,Instagram Ads,0
C105501,16-07-2025,Delhi,,F,Organic,0
C105502,01-04-2024,Mumbai,28,M,Instagram Ads,0
C105503,26-02-2025,Delhi,,F,Google Ads,1
C105504,20-12-2024,Hyderabad,26,M,Google Ads,0
C105505,25-11-2024,Bengaluru,28,M,Referral,0
C105506,19-11-2024,Bengaluru,40,M,Organic,0
C105507,15-11-2025,Hyderabad,24,M,Referral,0
C105508,03-12-2025,Bengaluru,32,F,Referral,0
C105509,13-06-2025,Hyderabad,28,M,Referral,0
C105510,09-09-2025,Delhi,32,F,Google Ads,1
C105511,26-10-2025,Mumbai,28,M,Offline Banner,0
C105512,16-06-2025,Delhi,37,M,Offline Banner,0
C105513,30-10-2025,Mumbai,39,M,Referral,0
C105514,11-03-2025,Hyderabad,33,F,Instagram Ads,1
C105515,14-05-2025,Hyderabad,29,Other,Referral,0
C105516,12-05-2025,Hyderabad,37,M,Instagram Ads  ,0
C105517,03-11-2024,Mumbai,25,M,Referral,0
C105518,23-06-2025,Bengaluru,34,M,Instagram Ads,0
C105519,17-12-2024,Mumbai,26,F,Organic,0
C105520,17-05-2024,Chennai,32,F,Instagram Ads,0
C105521,08-09-2025,Mumbai,23,M,Offline Banner,0
C105522,13-05-2025,Bengaluru,,M,Instagram Ads  ,0
C105523,12-12-2024,Hyderabad,20,F,Organic,1
C105524,25-05-2024,Pune,29,M,Offline Banner,0
C105525,07-09-2025,Mumbai,19,F,Google Ads,0
C105526,28-09-2024,Mumbai,40,M,Offline Banner  ,1
C105527,16-11-2024,Mumbai,43,F,Google Ads  ,0
C105528,15-07-2024,Mumbai,21,M,Offline Banner,0
C105529,16-07-2025,Bengaluru,33,F,Offline Banner,0
C105530,26-12-2025,Chennai,28,F,Instagram Ads,1
C105531,21-12-2024,Delhi,35,M,Influencer,0
C105532,12-06-2024,Bengaluru,43,M,Instagram Ads,1
C105533,13-11-2024,Pune,34,M,Instagram Ads,0
C105534,27-10-2024,Delhi,24,Other,Instagram Ads,1
C105535,18-10-2025,Bengaluru,25,F,Instagram Ads,0
C105536,21-04-2024,Pune,28,M,Organic,1
C105537,19-05-2025,Pune,25,M,Referral,0
C105538,16-10-2025,Bengaluru,37,M,Influencer  ,0
C105539,23-10-2025,Delhi,37,F,Google Ads,0
C105540,10-07-2025,Delhi,41,F,Offline Banner,0
C105541,13-06-2025,Bengaluru,27,M,Instagram Ads,0
C105542,13-11-2025,Delhi,40,F,Instagram Ads,0
C105543,16-11-2025,Delhi,44,F,Organic,0
C105544,17-03-2024,Hyderabad,20,M,Influencer,0
C105545,20-03-2025,Hyderabad,27,M,Influencer,0
C105546,27-07-2024,Pune,30,F,Referral,0
C105547,22-04-2024,Delhi,37,M,Google Ads,1
C105548,10-06-2025,Delhi,41,M,Instagram Ads,0
C105549,03-09-2025,Pune,18,M,Referral,0
C105550,27-06-2025,Hyderabad,25,F,Referral,0
C105551,01-11-2024,Pune,40,F,Google Ads,1
C105552,24-07-2025,Chennai,24,M,Referral,0
C105553,24-12-2024,Pune,37,F,Organic  ,0
C105554,10-03-2025,Bengaluru,,Other,Organic  ,1
C105555,11-09-2024,Mumbai,37,M,Google Ads,0
C105556,06-11-2025,Bengaluru,37,M,Referral,0
C105557,21-07-2025,Bengaluru,27,M,Instagram Ads,0
C105558,31-03-2025,Mumbai,28,F,Instagram Ads,0
C105559,10-02-2024,Hyderabad,28,M,Influencer,0
C105560,02-06-2024,Delhi,32,F,Organic,0
C105561,27-04-2025,Hyderabad,,M,Organic,1
C105562,29-04-2025,Delhi,34,M,Instagram Ads,0
C105563,17-03-2025,Bengaluru,44,M,Offline Banner,0
C105564,17-05-2025,Pune,32,M,Instagram Ads,0
C105565,17-08-2025,Delhi,,M,Influencer  ,0
C105566,20-11-2025,Bengaluru,31,F,Google Ads,0
C105567,09-06-2024,Delhi,35,F,Instagram Ads  ,1
C105568,07-02-2024,Pune,40,F,Google Ads,0
C105569,10-07-2024,Pune,30,M,Instagram Ads,0
C105570,07-12-2025,Chennai,,F,Referral,1
C105571,02-10-2024,Pune,20,F,Offline Banner,0
C105572,12-03-2024,Hyderabad,31,M,Google Ads,0
C105573,30-06-2024,Delhi,21,F,Organic,0
C105574,26-04-2024,Mumbai,26,F,Influencer,0
C105575,24-04-2025,Bengaluru,38,M,Organic,0
C105576,07-03-2025,Bengaluru,39,M,Google Ads,0
C105577,08-08-2025,Hyderabad,34,M,Offline Banner,0
C105578,01-10-2025,Delhi,40,F,Instagram Ads,1
C105579,27-09-2024,Delhi,18,M,Referral,0
C105580,11-03-2024,Bengaluru,44,M,Influencer,1
C105581,29-12-2025,Delhi,,F,Instagram Ads,0
C105582,28-05-2025,Hyderabad,33,M,Organic,1
C105583,24-07-2024,Bengaluru,25,M,Google Ads,0
C105584,08-09-2024,Hyderabad,33,M,Instagram Ads,0
C105585,02-04-2025,Delhi,31,Other,Google Ads,0
C105586,19-08-2025,Chennai,40,M,Offline Banner,1
C105587,09-12-2024,Delhi,50,M,Influencer,0
C105588,05-12-2024,Mumbai,38,M,Instagram Ads,0
C105589,20-02-2025,Bengaluru,30,M,Instagram Ads,0
C105590,30-10-2025,Delhi,43,F,Google Ads,0
C105591,31-03-2024,Delhi,18,F,Referral,0
C105592,14-02-2025,Delhi,26,F,Influencer,0
C105593,24-12-2025,Bengaluru,29,M,Offline Banner,0
C105594,03-09-2025,Pune,28,M,Organic,1
C105595,02-04-2024,Bengaluru,25,M,Referral,0
C105596,02-11-2025,Bengaluru,36,M,Instagram Ads,0
C105597,16-02-2025,Mumbai,30,F,Instagram Ads,0
C105598,18-03-2025,Delhi,29,M,Referral,0
C105599,22-07-2025,Delhi,42,M,Referral,0
C105600,25-08-2025,Pune,27,M,Influencer,0
C105601,03-08-2025,Delhi,39,M,Google Ads  ,0
C105602,15-10-2025,Chennai,28,F,Instagram Ads,0
C105603,02-05-2025,Delhi,28,M,Google Ads,1
C105604,03-09-2024,Bengaluru,,F,Offline Banner,1
C105605,06-11-2025,Chennai,19,F,Influencer,0
C105606,12-12-2024,Mumbai,25,M,Instagram Ads,1
C105607,13-05-2024,Hyderabad,18,F,Influencer,0
C105608,09-04-2025,Mumbai,33,M,Referral,0
C105609,22-02-2024,Mumbai,28,M,Google Ads,1
C105610,22-03-2025,Delhi,39,F,Google Ads,1
C105611,30-03-2025,Pune,25,M,Referral,0
C105612,18-08-2025,Delhi,28,M,Referral,0
C105613,18-04-2025,Mumbai,40,F,Organic,1
C105614,20-07-2025,Chennai,38,F,Referral,0
C105615,05-08-2025,Mumbai,32,M,Instagram Ads  ,0
C105616,30-11-2025,Mumbai,22,F,Google Ads,1
C105617,12-06-2024,Chennai,,F,Influencer,0
C105618,03-10-2024,Mumbai,28,M,Organic,0
C105619,03-12-2025,Mumbai,26,F,Referral,0
C105620,08-08-2025,Pune,41,Other,Instagram Ads,0
C105621,01-12-2025,Mumbai,42,F,Instagram Ads,0
C105622,10-06-2025,Delhi,23,M,Google Ads,0
C105623,02-08-2025,Mumbai,44,M,Instagram Ads,0
C105624,12-05-2025,Hyderabad,30,F,Referral,1
C105625,21-05-2025,Delhi,37,M,Influencer,0
C105626,03-09-2025,Mumbai,45,F,Google Ads,1
C105627,25-03-2025,Mumbai,29,M,Influencer,0
C105628,14-12-2025,Delhi,33,F,Organic,0
C105629,16-10-2025,Bengaluru,36,M,Instagram Ads,1
C105630,05-09-2024,Mumbai,43,F,Organic,0
C105631,27-02-2025,Bengaluru,,M,Instagram Ads,0
C105632,18-10-2025,Bengaluru,37,M,Organic,0
C105633,10-10-2025,Delhi,24,F,Instagram Ads,0
C105634,30-05-2025,Mumbai,19,M,Google Ads,0
C105635,24-01-2024,Delhi,25,M,Referral,1
C105636,12-09-2025,Delhi,25,F,Instagram Ads,0
C105637,08-04-2025,Bengaluru,38,F,Instagram Ads,0
C105638,13-11-2025,Bengaluru,,F,Google Ads,1
C105639,23-05-2025,Delhi,26,M,Referral,1
C105640,04-02-2024,Bengaluru,23,F,Influencer,0
C105641,15-06-2025,Chennai,27,M,Instagram Ads,0
C105642,28-04-2025,Delhi,38,M,Google Ads,1
C105643,04-04-2025,Bengaluru,23,F,Referral,0
C105644,08-08-2025,Hyderabad,29,M,Google Ads,0
C105645,20-01-2025,Delhi,27,Other,Organic,0
C105646,05-02-2025,Hyderabad,33,F,Google Ads,0
C105647,27-08-2025,Chennai,45,F,Organic,0
C105648,23-02-2025,Delhi,25,F,Referral,1
C105649,09-11-2024,Pune,33,M,Instagram Ads,0
C105650,18-10-2024,Mumbai,30,M,Organic,0
C105651,05-03-2025,Delhi,27,M,Referral,0
C105652,08-09-2025,Bengaluru,31,M,Google Ads,0
C105653,16-09-2025,Delhi,45,F,Instagram Ads,0
C105654,01-12-2024,Bengaluru,30,M,Instagram Ads,0
C105655,31-07-2025,Delhi,,F,Google Ads,1
C105656,05-10-2025,Hyderabad,27,F,Instagram Ads,1
C105657,18-02-2025,Bengaluru,34,F,Referral,0
C105658,21-03-2025,Mumbai,23,F,Organic,0
C105659,01-06-2025,Delhi,31,M,Influencer,0
C105660,19-07-2025,Mumbai,34,F,Organic,1
C105661,16-03-2025,Delhi,24,F,Organic,1
C105662,03-04-2025,Hyderabad,,F,Organic,0
C105663,12-09-2024,Delhi,43,F,Offline Banner,0
C105664,29-03-2025,Bengaluru,48,M,Google Ads,0
C105665,10-02-2025,Mumbai,,M,Google Ads,0
C105666,01-09-2025,Bengaluru,34,F,Instagram Ads,0
C105667,06-07-2024,Bengaluru,30,F,Referral,0
C105668,18-09-2024,Mumbai,31,M,Instagram Ads,0
C105669,18-02-2025,Bengaluru,38,F,Google Ads,0
C105670,20-11-2024,Mumbai,31,M,Referral,1
C105671,10-03-2025,Pune,29,Other,Offline Banner,0
C105672,24-06-2024,Hyderabad,35,F,Offline Banner,0
C105673,13-06-2024,Bengaluru,25,M,Organic,0
C105674,21-11-2024,Pune,43,Other,Google Ads,0
C105675,17-04-2024,Pune,31,M,Influencer  ,0
C105676,26-10-2024,Bengaluru,37,M,Influencer,1
C105677,17-08-2025,Delhi,24,M,Offline Banner,0
C105678,11-11-2024,Bengaluru,30,M,Organic,0
C105679,06-05-2024,Mumbai,27,M,Instagram Ads,0
C105680,19-09-2024,Bengaluru,28,M,Instagram Ads,1
C105681,13-06-2025,Bengaluru,21,F,Offline Banner,0
C105682,04-09-2024,Bengaluru,39,M,Instagram Ads  ,1
C105683,12-09-2024,Bengaluru,34,M,Google Ads,0
C105684,03-07-2025,Bengaluru,19,F,Referral,1
C105685,13-09-2025,Delhi,29,F,Instagram Ads,0
C105686,18-01-2025,Delhi,,Other,Offline Banner,0
C105687,14-01-2025,Bengaluru,34,F,Google Ads,0
C105688,15-04-2025,Mumbai,29,F,Instagram Ads,0
C105689,28-10-2025,Hyderabad,,M,Offline Banner,0
C105690,31-07-2025,Delhi,38,M,Google Ads,0
C105691,01-05-2025,Delhi,48,M,Influencer,0
C105692,03-01-2025,Bengaluru,18,M,Referral,1
C105693,28-10-2025,Bengaluru,41,M,Organic,1
C105694,03-01-2025,Mumbai,37,F,Google Ads  ,0
C105695,03-12-2025,Mumbai,29,M,Referral,0
C105696,18-06-2024,Delhi,28,F,Google Ads,0
C105697,18-12-2025,Delhi,30,Other,Offline Banner,0
C105698,11-05-2025,Delhi,32,M,Instagram Ads,0
C105699,25-09-2025,Bengaluru,26,F,Google Ads,0
C105700,12-11-2024,Pune,18,M,Influencer,1
C105701,28-12-2025,Mumbai,26,M,Referral,0
C105702,20-04-2025,Delhi,28,Other,Organic,1
C105703,28-01-2025,Hyderabad,35,M,Organic,0
C105704,22-07-2024,Pune,,M,Instagram Ads,0
C105705,23-08-2025,Delhi,36,M,Instagram Ads,0
C105706,18-11-2025,Mumbai,21,F,Offline Banner,0
C105707,28-02-2025,Delhi,34,M,Google Ads  ,1
C105708,18-08-2025,Delhi,35,F,Google Ads,1
C105709,28-12-2025,Bengaluru,29,M,Organic,0
C105710,03-05-2025,Chennai,31,F,Instagram Ads,0
C105711,12-10-2024,Bengaluru,36,Other,Organic,0
C105712,19-12-2025,Chennai,26,F,Referral,0
C105713,21-07-2025,Mumbai,33,F,Influencer,0
C105714,30-07-2024,Pune,28,M,Google Ads,1
C105715,17-10-2024,Delhi,43,F,Instagram Ads,0
C105716,23-11-2024,Delhi,35,F,Influencer,0
C105717,19-07-2024,Hyderabad,22,M,Google Ads,1
C105718,22-07-2025,Mumbai,45,M,Google Ads,0
C105719,11-12-2024,Mumbai,39,M,Influencer,0
C105720,18-12-2024,Bengaluru,21,F,Organic,1
C105721,14-09-2025,Mumbai,18,M,Referral,0
C105722,20-01-2025,Bengaluru,21,F,Google Ads,0
C105723,02-11-2024,Mumbai,23,F,Organic,0
C105724,02-04-2025,Hyderabad,32,M,Instagram Ads,1
C105725,23-09-2025,Mumbai,31,F,Offline Banner  ,0
C105726,22-02-2024,Bengaluru,36,F,Instagram Ads,0
C105727,27-06-2024,Delhi,28,M,Influencer,0
C105728,03-04-2025,Hyderabad,28,F,Google Ads,0
C105729,08-09-2025,Bengaluru,31,F,Instagram Ads,1
C105730,16-12-2024,Delhi,40,F,Google Ads,0
C105731,12-11-2025,Delhi,18,M,Instagram Ads,0
C105732,05-11-2025,Mumbai,28,M,Instagram Ads,0
C105733,08-08-2025,Bengaluru,41,F,Instagram Ads,1
C105734,13-07-2024,Bengaluru,31,F,Influencer,0
C105735,10-08-2025,Mumbai,28,F,Instagram Ads,0
C105736,08-10-2025,Hyderabad,24,F,Offline Banner,0
C105737,29-11-2025,Pune,38,M,Instagram Ads,1
C105738,19-06-2025,Delhi,27,M,Organic,1
C105739,24-06-2025,Mumbai,27,F,Influencer,0
C105740,01-06-2025,Bengaluru,41,M,Offline Banner  ,0
C105741,30-05-2025,Bengaluru,22,M,Instagram Ads,0
C105742,02-07-2024,Delhi,44,F,Organic,0
C105743,07-11-2024,Delhi,32,F,Instagram Ads,0
C105744,14-08-2024,Delhi,31,F,Google Ads,0
C105745,11-08-2025,Bengaluru,33,F,Organic,0
C105746,17-08-2025,Bengaluru,31,M,Google Ads,1
C105747,28-03-2025,Delhi,26,M,Google Ads,0
C105748,14-09-2025,Mumbai,33,F,Instagram Ads,0
C105749,27-11-2025,Mumbai,27,M,Instagram Ads,0
C105750,06-06-2025,Pune,34,F,Instagram Ads,0
C105751,24-02-2025,Delhi,49,M,Influencer,0
C105752,05-04-2024,Bengaluru,36,M,Instagram Ads,0
C105753,09-08-2025,Hyderabad,29,M,Organic  ,1
C105754,08-01-2025,Pune,33,M,Organic,1
C105755,27-05-2025,Bengaluru,28,F,Referral,1
C105756,16-10-2025,Mumbai,29,M,Organic,0
C105757,06-10-2025,Pune,30,M,Organic,1
C105758,31-05-2025,Hyderabad,34,M,Referral,1
C105759,09-04-2025,Hyderabad,38,F,Google Ads,0
C105760,26-08-2025,Delhi,47,M,Offline Banner,1
C105761,01-09-2024,Delhi,36,M,Offline Banner,1
C105762,15-06-2025,Hyderabad,22,F,Organic,1
C105763,02-10-2024,Chennai,20,F,Instagram Ads  ,0
C105764,17-07-2025,Hyderabad,30,F,Referral,0
C105765,27-11-2025,Pune,39,F,Referral,1
C105766,16-10-2025,Bengaluru,29,M,Organic,0
C105767,03-07-2025,Mumbai,29,F,Organic,1
C105768,14-04-2025,Bengaluru,38,F,Referral,0
C105769,16-03-2025,Hyderabad,30,M,Organic,1
C105770,26-02-2024,Bengaluru,39,M,Instagram Ads,0
C105771,28-10-2025,Chennai,18,M,Organic,0
C105772,04-07-2025,Mumbai,34,M,Instagram Ads,1
C105773,08-04-2025,Delhi,18,M,Organic,0
C105774,18-02-2025,Pune,,F,Instagram Ads,0
C105775,08-09-2024,Delhi,38,F,Instagram Ads  ,1
C105776,30-12-2024,Hyderabad,,M,Instagram Ads,0
C105777,23-08-2024,Pune,18,M,Offline Banner,0
C105778,08-07-2025,Mumbai,37,M,Organic,1
C105779,24-09-2025,Pune,34,M,Google Ads,0
C105780,09-11-2024,Mumbai,22,F,Influencer,0
C105781,08-11-2024,Hyderabad,32,F,Organic,1
C105782,27-11-2025,Delhi,26,M,Organic,0
C105783,29-01-2025,Bengaluru,29,M,Referral,1
C105784,02-09-2024,Bengaluru,28,F,Instagram Ads,0
C105785,07-02-2025,Bengaluru,20,M,Google Ads,0
C105786,03-09-2024,Hyderabad,38,M,Instagram Ads,0
C105787,26-05-2025,Chennai,22,M,Organic,0
C105788,21-06-2025,Hyderabad,31,M,Google Ads,1
C105789,12-05-2024,Chennai,36,F,Referral,0
C105790,14-08-2024,Mumbai,,F,Google Ads,0
C105791,01-09-2024,Bengaluru,,M,Instagram Ads,1
C105792,02-08-2025,Mumbai,26,M,Offline Banner,1
C105793,17-01-2025,Chennai,44,F,Offline Banner,1
C105794,31-08-2025,Delhi,38,M,Instagram Ads,0
C105795,03-08-2025,Mumbai,37,M,Influencer,0
C105796,06-02-2024,Mumbai,48,F,Referral,0
C105797,03-11-2025,Mumbai,33,F,Organic,0
C105798,09-07-2024,Chennai,28,F,Instagram Ads,0
C105799,18-06-2025,Mumbai,19,F,Instagram Ads,0
C105800,15-09-2025,Chennai,25,M,Influencer,0
C105801,30-03-2024,Mumbai,32,F,Influencer,0
C105802,25-11-2025,Pune,38,M,Referral,0
C105803,19-02-2025,Bengaluru,25,M,Influencer,1
C105804,27-07-2025,Mumbai,,M,Organic,0
C105805,23-10-2025,Mumbai,18,M,Instagram Ads,1
C105806,29-05-2024,Mumbai,27,M,Google Ads,1
C105807,13-10-2025,Delhi,34,M,Instagram Ads,0
C105808,05-10-2025,Mumbai,32,M,Organic,0
C105809,18-04-2025,Delhi,34,M,Offline Banner  ,0
C105810,23-02-2024,Mumbai,32,M,Referral,1
C105811,05-11-2024,Bengaluru,36,M,Organic,0
C105812,23-06-2025,Mumbai,29,M,Organic,0
C105813,07-11-2025,Hyderabad,28,M,Instagram Ads,0
C105814,07-03-2025,Chennai,24,M,Google Ads,0
C105815,21-06-2024,Mumbai,48,M,Google Ads,1
C105816,06-09-2025,Mumbai,30,F,Referral,1
C105817,21-11-2024,Delhi,34,M,Influencer,0
C105818,02-08-2024,Mumbai,29,M,Google Ads,0
C105819,29-09-2024,Hyderabad,43,F,Referral,0
C105820,13-11-2025,Delhi,30,M,Organic,1
C105821,05-10-2025,Delhi,33,F,Instagram Ads,0
C105822,17-07-2025,Mumbai,24,F,Referral,1
C105823,21-03-2025,Pune,45,M,Instagram Ads,0
C105824,26-06-2024,Bengaluru,32,F,Referral,0
C105825,30-10-2024,Chennai,45,F,Organic,0
C105826,02-10-2025,Pune,26,M,Instagram Ads,0
C105827,29-10-2024,Delhi,27,F,Influencer,1
C105828,21-03-2024,Delhi,26,F,Google Ads,0
C105829,05-11-2024,Mumbai,28,M,Instagram Ads,1
C105830,08-09-2024,Bengaluru,,M,Referral  ,1
C105831,13-12-2024,Bengaluru,18,M,Influencer,1
C105832,29-06-2024,Delhi,30,M,Instagram Ads,0
C105833,10-09-2024,Delhi,24,M,Google Ads,0
C105834,06-03-2025,Delhi,23,M,Organic,0
C105835,19-04-2025,Pune,34,M,Google Ads,1
C105836,28-08-2025,Chennai,33,F,Instagram Ads,0
C105837,06-11-2025,Delhi,37,F,Google Ads,0
C105838,02-07-2024,Delhi,34,M,Influencer,1
C105839,20-04-2024,Delhi,32,M,Offline Banner,0
C105840,15-12-2024,Pune,26,M,Instagram Ads,0
C105841,22-03-2025,Chennai,23,F,Referral,0
C105842,09-03-2025,Mumbai,35,M,Instagram Ads,1
C105843,31-05-2025,Mumbai,28,M,Organic,0
C105844,10-02-2025,Mumbai,34,F,Instagram Ads  ,1
C105845,24-08-2024,Bengaluru,30,M,Instagram Ads,0
C105846,14-05-2025,Hyderabad,18,M,Organic,1
C105847,01-03-2025,Bengaluru,34,F,Instagram Ads,0
C105848,05-07-2025,Chennai,25,M,Google Ads,0
C105849,27-08-2025,Delhi,37,F,Offline Banner,1
C105850,04-09-2025,Hyderabad,18,F,Offline Banner  ,0
C105851,15-11-2025,Mumbai,46,M,Instagram Ads,0
C105852,17-09-2025,Mumbai,26,F,Referral,0
C105853,23-11-2025,Hyderabad,34,M,Referral,0
C105854,13-10-2024,Chennai,25,F,Referral,0
C105855,15-12-2025,Hyderabad,26,M,Offline Banner,0
C105856,03-07-2025,Hyderabad,36,Other,Organic,0
C105857,21-07-2025,Hyderabad,29,F,Organic,0
C105858,05-06-2025,Mumbai,29,F,Google Ads,0
C105859,05-10-2024,Hyderabad,37,F,Google Ads,1
C105860,02-10-2024,Hyderabad,32,M,Referral,1
C105861,01-05-2025,Bengaluru,34,M,Google Ads,0
C105862,18-07-2025,Bengaluru,26,M,Instagram Ads,0
C105863,18-08-2025,Hyderabad,36,M,Instagram Ads,0
C105864,17-11-2025,Pune,31,F,Instagram Ads,1
C105865,10-04-2025,Mumbai,34,F,Instagram Ads,0
C105866,23-11-2025,Pune,33,M,Google Ads,0
C105867,26-11-2024,Pune,40,M,Google Ads,0
C105868,01-03-2025,Delhi,35,F,Referral,0
C105869,31-10-2025,Hyderabad,21,M,Referral,0
C105870,19-09-2025,Delhi,26,F,Google Ads,0
C105871,18-08-2024,Delhi,32,M,Offline Banner,0
C105872,10-07-2024,Bengaluru,34,M,Referral,0
C105873,07-07-2024,Pune,20,F,Influencer,0
C105874,17-08-2025,Delhi,23,M,Offline Banner,0
C105875,29-09-2025,Pune,39,M,Instagram Ads,0
C105876,22-08-2025,Bengaluru,46,F,Google Ads,0
C105877,29-09-2024,Pune,18,M,Google Ads,0
C105878,08-05-2024,Pune,33,F,Google Ads,1
C105879,27-07-2024,Pune,31,F,Instagram Ads,0
C105880,26-01-2025,Hyderabad,39,F,Influencer,1
C105881,22-03-2024,Pune,34,F,Instagram Ads,0
C105882,26-01-2025,Delhi,37,M,Offline Banner,0
C105883,25-10-2025,Mumbai,18,F,Organic,1
C105884,05-06-2024,Delhi,,M,Referral,1
C105885,26-12-2025,Hyderabad,23,F,Instagram Ads  ,0
C105886,14-07-2025,Delhi,,M,Referral,0
C105887,26-04-2025,Delhi,21,M,Google Ads,0
C105888,12-09-2025,Pune,32,F,Google Ads,1
C105889,02-10-2025,Hyderabad,33,F,Influencer  ,1
C105890,11-08-2025,Pune,36,M,Google Ads,1
C105891,23-10-2025,Delhi,27,M,Referral  ,0
C105892,31-07-2024,Mumbai,42,M,Influencer,0
C105893,15-06-2024,Mumbai,23,F,Instagram Ads,0
C105894,20-12-2024,Delhi,19,M,Referral,0
C105895,29-07-2024,Mumbai,32,M,Referral,1
C105896,23-09-2025,Mumbai,25,M,Google Ads,1
C105897,30-11-2024,Delhi,35,M,Influencer,0
C105898,13-05-2025,Bengaluru,25,M,Offline Banner,0
C105899,14-08-2025,Mumbai,26,M,Referral,0
C105900,30-10-2025,Delhi,25,M,Referral,1
C105901,13-06-2025,Hyderabad,25,F,Referral,0
C105902,03-04-2025,Hyderabad,30,F,Organic,0
C105903,17-04-2025,Pune,32,F,Organic,0
C105904,28-10-2025,Bengaluru,25,F,Instagram Ads,0
C105905,22-06-2025,Chennai,21,F,Instagram Ads,0
C105906,10-03-2024,Chennai,34,M,Offline Banner,0
C105907,12-09-2025,Bengaluru,34,M,Google Ads,1
C105908,21-07-2024,Mumbai,36,F,Organic,0
C105909,20-11-2025,Delhi,22,F,Influencer,0
C105910,01-03-2025,Hyderabad,24,M,Google Ads,0
C105911,24-02-2025,Bengaluru,37,M,Organic,0
C105912,10-03-2025,Chennai,38,F,Instagram Ads,0
C105913,10-10-2025,Bengaluru,27,M,Offline Banner,0
C105914,20-06-2025,Chennai,23,M,Instagram Ads,1
C105915,17-06-2025,Pune,25,M,Google Ads,0
C105916,31-12-2025,Chennai,23,M,Referral,0
C105917,11-09-2025,Mumbai,37,F,Influencer,1
C105918,01-09-2024,Delhi,36,M,Instagram Ads,0
C105919,26-06-2025,Hyderabad,31,F,Referral,0
C105920,17-05-2025,Hyderabad,25,M,Google Ads,0
C105921,18-03-2025,Delhi,23,F,Google Ads,1
C105922,23-09-2025,Hyderabad,26,M,Organic,0
C105923,10-07-2025,Bengaluru,23,M,Instagram Ads,1
C105924,03-06-2024,Delhi,32,F,Organic,1
C105925,14-07-2024,Bengaluru,37,M,Influencer  ,0
C105926,05-07-2024,Chennai,37,F,Offline Banner,0
C105927,28-07-2025,Bengaluru,23,F,Organic,0
C105928,30-07-2025,Hyderabad,26,M,Google Ads,0
C105929,21-08-2025,Delhi,26,M,Google Ads,0
C105930,27-11-2024,Hyderabad,39,M,Offline Banner,0
C105931,10-10-2025,Chennai,20,M,Influencer,1
C105932,23-10-2024,Bengaluru,30,F,Referral  ,1
C105933,24-05-2024,Mumbai,24,M,Offline Banner,0
C105934,14-02-2025,Bengaluru,29,Other,Influencer,1
C105935,17-03-2025,Chennai,36,F,Offline Banner,0
C105936,28-05-2025,Delhi,28,F,Organic,0
C105937,26-04-2025,Mumbai,24,M,Influencer,0
C105938,08-11-2024,Delhi,36,M,Influencer,0
C105939,04-05-2025,Bengaluru,32,M,Instagram Ads,1
C105940,03-07-2025,Bengaluru,34,F,Offline Banner,1
C105941,28-03-2025,Chennai,33,M,Google Ads,0
C105942,24-09-2024,Mumbai,21,F,Google Ads,0
C105943,28-11-2024,Bengaluru,41,F,Influencer,0
C105944,23-10-2025,Pune,29,F,Organic,0
C105945,08-04-2024,Mumbai,37,M,Influencer,0
C105946,29-04-2025,Bengaluru,28,M,Google Ads,0
C105947,05-12-2024,Hyderabad,35,M,Google Ads,0
C105948,08-07-2024,Mumbai,39,M,Instagram Ads,0
C105949,27-11-2024,Delhi,38,M,Referral,0
C105950,27-03-2025,Bengaluru,31,F,Organic,0
C105951,05-08-2025,Mumbai,28,M,Google Ads,0
C105952,13-08-2024,Mumbai,19,F,Referral,1
C105953,03-10-2025,Chennai,21,F,Instagram Ads,0
C105954,02-07-2024,Bengaluru,39,M,Organic,0
C105955,29-04-2024,Pune,24,F,Instagram Ads,0
C105956,06-06-2024,Delhi,37,M,Organic,0
C105957,28-12-2025,Chennai,38,M,Google Ads,0
C105958,29-06-2024,Hyderabad,34,F,Instagram Ads,0
C105959,22-09-2024,Pune,34,Other,Influencer,1
C105960,16-08-2024,Mumbai,21,F,Referral,0
C105961,02-05-2025,Bengaluru,20,F,Referral,1
C105962,09-04-2025,Bengaluru,25,F,Organic,0
C105963,10-10-2024,Hyderabad,44,F,Organic,0
C105964,05-03-2024,Pune,41,M,Organic,0
C105965,11-11-2025,Delhi,31,M,Organic,0
C105966,09-09-2025,Pune,41,M,Referral,0
C105967,02-10-2025,Chennai,23,M,Google Ads,0
C105968,01-08-2024,Bengaluru,28,F,Google Ads,0
C105969,21-06-2024,Delhi,43,M,Offline Banner,0
C105970,25-08-2025,Pune,47,F,Offline Banner,0
C105971,06-10-2024,Bengaluru,37,M,Google Ads,1
C105972,27-08-2024,Pune,18,M,Instagram Ads,0
C105973,11-09-2024,Pune,41,M,Instagram Ads,0
C105974,11-08-2025,Delhi,28,M,Organic,0
C105975,01-11-2024,Bengaluru,36,F,Instagram Ads,1
C105976,04-09-2024,Bengaluru,,F,Influencer,0
C105977,15-02-2025,Chennai,39,M,Offline Banner,0
C105978,22-06-2025,Mumbai,31,F,Offline Banner,0
C105979,23-01-2025,Delhi,52,F,Instagram Ads,0
C105980,22-12-2024,Pune,38,M,Offline Banner,1
C105981,04-07-2025,Delhi,20,Other,Organic,1
C105982,05-11-2025,Hyderabad,18,F,Instagram Ads,0
C105983,28-04-2025,Mumbai,18,F,Google Ads,0
C105984,02-07-2024,Bengaluru,35,F,Organic,0
C105985,13-12-2024,Bengaluru,38,M,Offline Banner,1
C105986,20-06-2025,Mumbai,18,M,Instagram Ads,0
C105987,17-05-2024,Chennai,40,M,Instagram Ads,0
C105988,18-09-2024,Delhi,33,F,Referral,1
C105989,24-06-2025,Mumbai,43,F,Offline Banner,0
C105990,22-11-2025,Mumbai,23,F,Offline Banner,0
C105991,11-01-2025,Bengaluru,33,M,Instagram Ads,0
C105992,18-12-2025,Mumbai,33,F,Google Ads,0
C105993,16-10-2024,Delhi,24,F,Offline Banner,0
C105994,28-12-2025,Chennai,20,M,Organic,0
C105995,12-03-2025,Mumbai,38,M,Offline Banner  ,0
C105996,20-11-2025,Mumbai,32,F,Influencer,1
C105997,19-07-2025,Mumbai,34,F,Instagram Ads,1
C105998,27-08-2024,Delhi,41,F,Organic,1
C105999,12-11-2025,Delhi,30,M,Instagram Ads  ,1
